question,answer,ground_truth,evolution_type,faithfulness,answer_relevancy,context_precision,context_recall,contexts
"Trong tai lieu sample_01.md, noi dung chinh cua doan nay la gi?",Thông tin không được tìm thấy.,# Chính sách Nhân sự — Sổ tay Nhân viên 2024 ## Nghỉ phép năm Nhân viên chính thức được nghỉ phép năm 12 ngày làm việc mỗi năm.,simple,0.0,0.0,0.49999999995,1.0,"[""ức WireGuard với mã hóa AES-256. Kết nối VPN được cho phép tối đa 8 giờ liên tục, sau đó cần đăng nhập lại. Không được sử dụng VPN cá nhân trên thiết bị của công ty khi truy cập hệ thống nội bộ. ## Email và Liên lạc Email công ty chỉ được sử dụng cho mục đích công việc. Không được chuyển tiếp email nội bộ ra các địa chỉ email cá nhân. Dung lượng hộp thư tối đa là 25 GB. Tập tin đính kèm lớn hơn 25 MB phải được chia sẻ qua hệ thống lưu trữ đám mây nội bộ. ## Sao lưu Dữ liệu Dữ liệu công việc phải được lưu trên ổ đĩa mạng hoặc hệ thống đám mây được phê duyệt. Hệ thống tự động sao lưu dữ liệu hàng ngày lúc 2 giờ sáng. Nhân viên có trách nhiệm đảm bảo dữ liệu quan trọng được lưu đúng vị trí trước khi kết thúc ngày làm việc. ## Bảo mật Thông tin Thông tin khách hàng và dữ liệu kinh doanh bảo mật không được chia sẻ ra bên ngoài mà không có sự cho phép của quản lý cấp cao. Vi phạm bảo mật dữ li"", ""# Chính sách Nhân sự — Sổ tay Nhân viên 2024 ## Nghỉ phép năm Nhân viên chính thức được nghỉ phép năm 12 ngày làm việc mỗi năm. Số ngày nghỉ phép tăng thêm 1 ngày cho mỗi 5 năm thâm niên công tác, tối đa 20 ngày. Ngày nghỉ phép không sử dụng hết trong năm có thể chuyển sang năm tiếp theo, nhưng không quá 5 ngày. Nhân viên phải nộp đơn xin nghỉ phép trước ít nhất 3 ngày làm việc. ## Nghỉ phép không lương Nhân viên có thể xin nghỉ phép không lương tối đa 30 ngày mỗi năm. Đơn xin nghỉ phải được Giám đốc bộ phận phê duyệt bằng văn bản trước khi nghỉ. Nghỉ phép không lương quá 10 ngày liên tiếp phải được Giám đốc Điều hành phê duyệt. ## Nghỉ ốm Nhân viên được hưởng 10 ngày nghỉ ốm có lương mỗi năm. Cần nộp giấy xác nhận y tế từ cơ sở y tế được công nhận trong vòng 3 ngày làm việc kể từ ngày trở lại làm việc. Nghỉ ốm quá 3 ngày liên tiếp bắt buộc phải có giấy xác nhận của bác sĩ. ## Thời gian"", ""# Chính sách Tài chính và Chi phí — Sổ tay Nhân viên 2024 ## Phụ cấp đi lại Nhân viên sử dụng phương tiện cá nhân cho công việc được hoàn trả 3.500 VNĐ/km. Xe taxi hoặc xe công nghệ được hoàn trả theo hóa đơn thực tế khi có lý do hợp lý. Đi lại bằng máy bay trong nước: hạng phổ thông được phê duyệt cho chuyến đi dưới 2 giờ bay. Đặt vé phải thực hiện tối thiểu 5 ngày làm việc trước ngày khởi hành để tiết kiệm chi phí. ## Chi phí Công tác Nhân viên đi công tác được thanh toán phụ cấp ăn uống theo khu vực: - Hà Nội và TP. HCM: 350.000 VNĐ/ngày - Các tỉnh thành khác: 250.000 VNĐ/ngày - Nước ngoài: theo quy định riêng từng quốc gia Chi phí lưu trú được hoàn trả theo hóa đơn thực tế, tối đa 1.500.000 VNĐ/đêm tại Hà Nội và TP. HCM. ## Quy trình Hoàn trả Chi phí Tất cả chi phí phải được nộp trong vòng 30 ngày kể từ ngày phát sinh. Hóa đơn VAT hoặc chứng từ hợp lệ là bắt buộc cho mọi khoản chi ph"", ""phí Tất cả chi phí phải được nộp trong vòng 30 ngày kể từ ngày phát sinh. Hóa đơn VAT hoặc chứng từ hợp lệ là bắt buộc cho mọi khoản chi phí trên 200.000 VNĐ. Chi phí dưới 500.000 VNĐ: quản lý trực tiếp phê duyệt. Chi phí từ 500.000 VNĐ đến 5.000.000 VNĐ: Trưởng phòng phê duyệt. Chi phí trên 5.000.000 VNĐ: Giám đốc bộ phận phê duyệt. ## Thưởng và Phúc lợi Thưởng tháng 13 được chi trả vào cuối tháng 12 dựa trên kết quả đánh giá hiệu suất và tình hình kinh doanh của công ty. Nhân viên phải làm việc đủ 6 tháng trong năm mới đủ điều kiện nhận thưởng. Thưởng Tết Nguyên Đán được chi trả trước kỳ nghỉ Tết ít nhất 3 ngày làm việc. Mức thưởng từ 0,5 đến 3 tháng lương tùy theo hiệu suất và đóng góp. ## Chính sách Đào tạo Công ty hỗ trợ chi phí đào tạo và phát triển kỹ năng tối đa 10.000.000 VNĐ/nhân viên/năm. Nhân viên phải cam kết làm việc tối thiểu 1 năm sau khi được hỗ trợ đào tạo có giá trị t""]"
"Trong tai lieu sample_01.md, noi dung chinh cua doan nay la gi?",Thông tin không được tìm thấy.,## Thời gian thử việc Thời gian thử việc là 60 ngày đối với nhân viên bậc cao và 30 ngày đối với nhân viên thông thường.,simple,0.0,0.0,0.0,0.0,"[""ức WireGuard với mã hóa AES-256. Kết nối VPN được cho phép tối đa 8 giờ liên tục, sau đó cần đăng nhập lại. Không được sử dụng VPN cá nhân trên thiết bị của công ty khi truy cập hệ thống nội bộ. ## Email và Liên lạc Email công ty chỉ được sử dụng cho mục đích công việc. Không được chuyển tiếp email nội bộ ra các địa chỉ email cá nhân. Dung lượng hộp thư tối đa là 25 GB. Tập tin đính kèm lớn hơn 25 MB phải được chia sẻ qua hệ thống lưu trữ đám mây nội bộ. ## Sao lưu Dữ liệu Dữ liệu công việc phải được lưu trên ổ đĩa mạng hoặc hệ thống đám mây được phê duyệt. Hệ thống tự động sao lưu dữ liệu hàng ngày lúc 2 giờ sáng. Nhân viên có trách nhiệm đảm bảo dữ liệu quan trọng được lưu đúng vị trí trước khi kết thúc ngày làm việc. ## Bảo mật Thông tin Thông tin khách hàng và dữ liệu kinh doanh bảo mật không được chia sẻ ra bên ngoài mà không có sự cho phép của quản lý cấp cao. Vi phạm bảo mật dữ li"", ""# Chính sách Nhân sự — Sổ tay Nhân viên 2024 ## Nghỉ phép năm Nhân viên chính thức được nghỉ phép năm 12 ngày làm việc mỗi năm. Số ngày nghỉ phép tăng thêm 1 ngày cho mỗi 5 năm thâm niên công tác, tối đa 20 ngày. Ngày nghỉ phép không sử dụng hết trong năm có thể chuyển sang năm tiếp theo, nhưng không quá 5 ngày. Nhân viên phải nộp đơn xin nghỉ phép trước ít nhất 3 ngày làm việc. ## Nghỉ phép không lương Nhân viên có thể xin nghỉ phép không lương tối đa 30 ngày mỗi năm. Đơn xin nghỉ phải được Giám đốc bộ phận phê duyệt bằng văn bản trước khi nghỉ. Nghỉ phép không lương quá 10 ngày liên tiếp phải được Giám đốc Điều hành phê duyệt. ## Nghỉ ốm Nhân viên được hưởng 10 ngày nghỉ ốm có lương mỗi năm. Cần nộp giấy xác nhận y tế từ cơ sở y tế được công nhận trong vòng 3 ngày làm việc kể từ ngày trở lại làm việc. Nghỉ ốm quá 3 ngày liên tiếp bắt buộc phải có giấy xác nhận của bác sĩ. ## Thời gian"", ""# Chính sách Tài chính và Chi phí — Sổ tay Nhân viên 2024 ## Phụ cấp đi lại Nhân viên sử dụng phương tiện cá nhân cho công việc được hoàn trả 3.500 VNĐ/km. Xe taxi hoặc xe công nghệ được hoàn trả theo hóa đơn thực tế khi có lý do hợp lý. Đi lại bằng máy bay trong nước: hạng phổ thông được phê duyệt cho chuyến đi dưới 2 giờ bay. Đặt vé phải thực hiện tối thiểu 5 ngày làm việc trước ngày khởi hành để tiết kiệm chi phí. ## Chi phí Công tác Nhân viên đi công tác được thanh toán phụ cấp ăn uống theo khu vực: - Hà Nội và TP. HCM: 350.000 VNĐ/ngày - Các tỉnh thành khác: 250.000 VNĐ/ngày - Nước ngoài: theo quy định riêng từng quốc gia Chi phí lưu trú được hoàn trả theo hóa đơn thực tế, tối đa 1.500.000 VNĐ/đêm tại Hà Nội và TP. HCM. ## Quy trình Hoàn trả Chi phí Tất cả chi phí phải được nộp trong vòng 30 ngày kể từ ngày phát sinh. Hóa đơn VAT hoặc chứng từ hợp lệ là bắt buộc cho mọi khoản chi ph"", ""phí Tất cả chi phí phải được nộp trong vòng 30 ngày kể từ ngày phát sinh. Hóa đơn VAT hoặc chứng từ hợp lệ là bắt buộc cho mọi khoản chi phí trên 200.000 VNĐ. Chi phí dưới 500.000 VNĐ: quản lý trực tiếp phê duyệt. Chi phí từ 500.000 VNĐ đến 5.000.000 VNĐ: Trưởng phòng phê duyệt. Chi phí trên 5.000.000 VNĐ: Giám đốc bộ phận phê duyệt. ## Thưởng và Phúc lợi Thưởng tháng 13 được chi trả vào cuối tháng 12 dựa trên kết quả đánh giá hiệu suất và tình hình kinh doanh của công ty. Nhân viên phải làm việc đủ 6 tháng trong năm mới đủ điều kiện nhận thưởng. Thưởng Tết Nguyên Đán được chi trả trước kỳ nghỉ Tết ít nhất 3 ngày làm việc. Mức thưởng từ 0,5 đến 3 tháng lương tùy theo hiệu suất và đóng góp. ## Chính sách Đào tạo Công ty hỗ trợ chi phí đào tạo và phát triển kỹ năng tối đa 10.000.000 VNĐ/nhân viên/năm. Nhân viên phải cam kết làm việc tối thiểu 1 năm sau khi được hỗ trợ đào tạo có giá trị t""]"
"Trong tai lieu sample_01.md, noi dung chinh cua doan nay la gi?",Thông tin không được tìm thấy.,## Đánh giá hiệu suất Đánh giá hiệu suất được thực hiện 2 lần/năm: tháng 6 và tháng 12.,simple,0.0,0.0,0.0,0.0,"[""ức WireGuard với mã hóa AES-256. Kết nối VPN được cho phép tối đa 8 giờ liên tục, sau đó cần đăng nhập lại. Không được sử dụng VPN cá nhân trên thiết bị của công ty khi truy cập hệ thống nội bộ. ## Email và Liên lạc Email công ty chỉ được sử dụng cho mục đích công việc. Không được chuyển tiếp email nội bộ ra các địa chỉ email cá nhân. Dung lượng hộp thư tối đa là 25 GB. Tập tin đính kèm lớn hơn 25 MB phải được chia sẻ qua hệ thống lưu trữ đám mây nội bộ. ## Sao lưu Dữ liệu Dữ liệu công việc phải được lưu trên ổ đĩa mạng hoặc hệ thống đám mây được phê duyệt. Hệ thống tự động sao lưu dữ liệu hàng ngày lúc 2 giờ sáng. Nhân viên có trách nhiệm đảm bảo dữ liệu quan trọng được lưu đúng vị trí trước khi kết thúc ngày làm việc. ## Bảo mật Thông tin Thông tin khách hàng và dữ liệu kinh doanh bảo mật không được chia sẻ ra bên ngoài mà không có sự cho phép của quản lý cấp cao. Vi phạm bảo mật dữ li"", ""# Chính sách Nhân sự — Sổ tay Nhân viên 2024 ## Nghỉ phép năm Nhân viên chính thức được nghỉ phép năm 12 ngày làm việc mỗi năm. Số ngày nghỉ phép tăng thêm 1 ngày cho mỗi 5 năm thâm niên công tác, tối đa 20 ngày. Ngày nghỉ phép không sử dụng hết trong năm có thể chuyển sang năm tiếp theo, nhưng không quá 5 ngày. Nhân viên phải nộp đơn xin nghỉ phép trước ít nhất 3 ngày làm việc. ## Nghỉ phép không lương Nhân viên có thể xin nghỉ phép không lương tối đa 30 ngày mỗi năm. Đơn xin nghỉ phải được Giám đốc bộ phận phê duyệt bằng văn bản trước khi nghỉ. Nghỉ phép không lương quá 10 ngày liên tiếp phải được Giám đốc Điều hành phê duyệt. ## Nghỉ ốm Nhân viên được hưởng 10 ngày nghỉ ốm có lương mỗi năm. Cần nộp giấy xác nhận y tế từ cơ sở y tế được công nhận trong vòng 3 ngày làm việc kể từ ngày trở lại làm việc. Nghỉ ốm quá 3 ngày liên tiếp bắt buộc phải có giấy xác nhận của bác sĩ. ## Thời gian"", ""# Chính sách Tài chính và Chi phí — Sổ tay Nhân viên 2024 ## Phụ cấp đi lại Nhân viên sử dụng phương tiện cá nhân cho công việc được hoàn trả 3.500 VNĐ/km. Xe taxi hoặc xe công nghệ được hoàn trả theo hóa đơn thực tế khi có lý do hợp lý. Đi lại bằng máy bay trong nước: hạng phổ thông được phê duyệt cho chuyến đi dưới 2 giờ bay. Đặt vé phải thực hiện tối thiểu 5 ngày làm việc trước ngày khởi hành để tiết kiệm chi phí. ## Chi phí Công tác Nhân viên đi công tác được thanh toán phụ cấp ăn uống theo khu vực: - Hà Nội và TP. HCM: 350.000 VNĐ/ngày - Các tỉnh thành khác: 250.000 VNĐ/ngày - Nước ngoài: theo quy định riêng từng quốc gia Chi phí lưu trú được hoàn trả theo hóa đơn thực tế, tối đa 1.500.000 VNĐ/đêm tại Hà Nội và TP. HCM. ## Quy trình Hoàn trả Chi phí Tất cả chi phí phải được nộp trong vòng 30 ngày kể từ ngày phát sinh. Hóa đơn VAT hoặc chứng từ hợp lệ là bắt buộc cho mọi khoản chi ph"", ""phí Tất cả chi phí phải được nộp trong vòng 30 ngày kể từ ngày phát sinh. Hóa đơn VAT hoặc chứng từ hợp lệ là bắt buộc cho mọi khoản chi phí trên 200.000 VNĐ. Chi phí dưới 500.000 VNĐ: quản lý trực tiếp phê duyệt. Chi phí từ 500.000 VNĐ đến 5.000.000 VNĐ: Trưởng phòng phê duyệt. Chi phí trên 5.000.000 VNĐ: Giám đốc bộ phận phê duyệt. ## Thưởng và Phúc lợi Thưởng tháng 13 được chi trả vào cuối tháng 12 dựa trên kết quả đánh giá hiệu suất và tình hình kinh doanh của công ty. Nhân viên phải làm việc đủ 6 tháng trong năm mới đủ điều kiện nhận thưởng. Thưởng Tết Nguyên Đán được chi trả trước kỳ nghỉ Tết ít nhất 3 ngày làm việc. Mức thưởng từ 0,5 đến 3 tháng lương tùy theo hiệu suất và đóng góp. ## Chính sách Đào tạo Công ty hỗ trợ chi phí đào tạo và phát triển kỹ năng tối đa 10.000.000 VNĐ/nhân viên/năm. Nhân viên phải cam kết làm việc tối thiểu 1 năm sau khi được hỗ trợ đào tạo có giá trị t""]"
"Trong tai lieu sample_02.md, noi dung chinh cua doan nay la gi?",Thông tin không được tìm thấy.,# Chính sách Công nghệ Thông tin — Sổ tay Nhân viên 2024 ## Chính sách Mật khẩu Mật khẩu tài khoản công ty phải được thay đổi mỗi 90 ngày.,simple,0.0,0.0,0.0,0.6666666666666666,"[""ức WireGuard với mã hóa AES-256. Kết nối VPN được cho phép tối đa 8 giờ liên tục, sau đó cần đăng nhập lại. Không được sử dụng VPN cá nhân trên thiết bị của công ty khi truy cập hệ thống nội bộ. ## Email và Liên lạc Email công ty chỉ được sử dụng cho mục đích công việc. Không được chuyển tiếp email nội bộ ra các địa chỉ email cá nhân. Dung lượng hộp thư tối đa là 25 GB. Tập tin đính kèm lớn hơn 25 MB phải được chia sẻ qua hệ thống lưu trữ đám mây nội bộ. ## Sao lưu Dữ liệu Dữ liệu công việc phải được lưu trên ổ đĩa mạng hoặc hệ thống đám mây được phê duyệt. Hệ thống tự động sao lưu dữ liệu hàng ngày lúc 2 giờ sáng. Nhân viên có trách nhiệm đảm bảo dữ liệu quan trọng được lưu đúng vị trí trước khi kết thúc ngày làm việc. ## Bảo mật Thông tin Thông tin khách hàng và dữ liệu kinh doanh bảo mật không được chia sẻ ra bên ngoài mà không có sự cho phép của quản lý cấp cao. Vi phạm bảo mật dữ li"", ""# Chính sách Nhân sự — Sổ tay Nhân viên 2024 ## Nghỉ phép năm Nhân viên chính thức được nghỉ phép năm 12 ngày làm việc mỗi năm. Số ngày nghỉ phép tăng thêm 1 ngày cho mỗi 5 năm thâm niên công tác, tối đa 20 ngày. Ngày nghỉ phép không sử dụng hết trong năm có thể chuyển sang năm tiếp theo, nhưng không quá 5 ngày. Nhân viên phải nộp đơn xin nghỉ phép trước ít nhất 3 ngày làm việc. ## Nghỉ phép không lương Nhân viên có thể xin nghỉ phép không lương tối đa 30 ngày mỗi năm. Đơn xin nghỉ phải được Giám đốc bộ phận phê duyệt bằng văn bản trước khi nghỉ. Nghỉ phép không lương quá 10 ngày liên tiếp phải được Giám đốc Điều hành phê duyệt. ## Nghỉ ốm Nhân viên được hưởng 10 ngày nghỉ ốm có lương mỗi năm. Cần nộp giấy xác nhận y tế từ cơ sở y tế được công nhận trong vòng 3 ngày làm việc kể từ ngày trở lại làm việc. Nghỉ ốm quá 3 ngày liên tiếp bắt buộc phải có giấy xác nhận của bác sĩ. ## Thời gian"", ""# Chính sách Tài chính và Chi phí — Sổ tay Nhân viên 2024 ## Phụ cấp đi lại Nhân viên sử dụng phương tiện cá nhân cho công việc được hoàn trả 3.500 VNĐ/km. Xe taxi hoặc xe công nghệ được hoàn trả theo hóa đơn thực tế khi có lý do hợp lý. Đi lại bằng máy bay trong nước: hạng phổ thông được phê duyệt cho chuyến đi dưới 2 giờ bay. Đặt vé phải thực hiện tối thiểu 5 ngày làm việc trước ngày khởi hành để tiết kiệm chi phí. ## Chi phí Công tác Nhân viên đi công tác được thanh toán phụ cấp ăn uống theo khu vực: - Hà Nội và TP. HCM: 350.000 VNĐ/ngày - Các tỉnh thành khác: 250.000 VNĐ/ngày - Nước ngoài: theo quy định riêng từng quốc gia Chi phí lưu trú được hoàn trả theo hóa đơn thực tế, tối đa 1.500.000 VNĐ/đêm tại Hà Nội và TP. HCM. ## Quy trình Hoàn trả Chi phí Tất cả chi phí phải được nộp trong vòng 30 ngày kể từ ngày phát sinh. Hóa đơn VAT hoặc chứng từ hợp lệ là bắt buộc cho mọi khoản chi ph"", ""phí Tất cả chi phí phải được nộp trong vòng 30 ngày kể từ ngày phát sinh. Hóa đơn VAT hoặc chứng từ hợp lệ là bắt buộc cho mọi khoản chi phí trên 200.000 VNĐ. Chi phí dưới 500.000 VNĐ: quản lý trực tiếp phê duyệt. Chi phí từ 500.000 VNĐ đến 5.000.000 VNĐ: Trưởng phòng phê duyệt. Chi phí trên 5.000.000 VNĐ: Giám đốc bộ phận phê duyệt. ## Thưởng và Phúc lợi Thưởng tháng 13 được chi trả vào cuối tháng 12 dựa trên kết quả đánh giá hiệu suất và tình hình kinh doanh của công ty. Nhân viên phải làm việc đủ 6 tháng trong năm mới đủ điều kiện nhận thưởng. Thưởng Tết Nguyên Đán được chi trả trước kỳ nghỉ Tết ít nhất 3 ngày làm việc. Mức thưởng từ 0,5 đến 3 tháng lương tùy theo hiệu suất và đóng góp. ## Chính sách Đào tạo Công ty hỗ trợ chi phí đào tạo và phát triển kỹ năng tối đa 10.000.000 VNĐ/nhân viên/năm. Nhân viên phải cam kết làm việc tối thiểu 1 năm sau khi được hỗ trợ đào tạo có giá trị t""]"
"Trong tai lieu sample_02.md, noi dung chinh cua doan nay la gi?",Thông tin không được tìm thấy.,Không được sử dụng VPN cá nhân trên thiết bị của công ty khi truy cập hệ thống nội bộ.,simple,0.0,0.0,0.9999999999,1.0,"[""ức WireGuard với mã hóa AES-256. Kết nối VPN được cho phép tối đa 8 giờ liên tục, sau đó cần đăng nhập lại. Không được sử dụng VPN cá nhân trên thiết bị của công ty khi truy cập hệ thống nội bộ. ## Email và Liên lạc Email công ty chỉ được sử dụng cho mục đích công việc. Không được chuyển tiếp email nội bộ ra các địa chỉ email cá nhân. Dung lượng hộp thư tối đa là 25 GB. Tập tin đính kèm lớn hơn 25 MB phải được chia sẻ qua hệ thống lưu trữ đám mây nội bộ. ## Sao lưu Dữ liệu Dữ liệu công việc phải được lưu trên ổ đĩa mạng hoặc hệ thống đám mây được phê duyệt. Hệ thống tự động sao lưu dữ liệu hàng ngày lúc 2 giờ sáng. Nhân viên có trách nhiệm đảm bảo dữ liệu quan trọng được lưu đúng vị trí trước khi kết thúc ngày làm việc. ## Bảo mật Thông tin Thông tin khách hàng và dữ liệu kinh doanh bảo mật không được chia sẻ ra bên ngoài mà không có sự cho phép của quản lý cấp cao. Vi phạm bảo mật dữ li"", ""# Chính sách Nhân sự — Sổ tay Nhân viên 2024 ## Nghỉ phép năm Nhân viên chính thức được nghỉ phép năm 12 ngày làm việc mỗi năm. Số ngày nghỉ phép tăng thêm 1 ngày cho mỗi 5 năm thâm niên công tác, tối đa 20 ngày. Ngày nghỉ phép không sử dụng hết trong năm có thể chuyển sang năm tiếp theo, nhưng không quá 5 ngày. Nhân viên phải nộp đơn xin nghỉ phép trước ít nhất 3 ngày làm việc. ## Nghỉ phép không lương Nhân viên có thể xin nghỉ phép không lương tối đa 30 ngày mỗi năm. Đơn xin nghỉ phải được Giám đốc bộ phận phê duyệt bằng văn bản trước khi nghỉ. Nghỉ phép không lương quá 10 ngày liên tiếp phải được Giám đốc Điều hành phê duyệt. ## Nghỉ ốm Nhân viên được hưởng 10 ngày nghỉ ốm có lương mỗi năm. Cần nộp giấy xác nhận y tế từ cơ sở y tế được công nhận trong vòng 3 ngày làm việc kể từ ngày trở lại làm việc. Nghỉ ốm quá 3 ngày liên tiếp bắt buộc phải có giấy xác nhận của bác sĩ. ## Thời gian"", ""# Chính sách Tài chính và Chi phí — Sổ tay Nhân viên 2024 ## Phụ cấp đi lại Nhân viên sử dụng phương tiện cá nhân cho công việc được hoàn trả 3.500 VNĐ/km. Xe taxi hoặc xe công nghệ được hoàn trả theo hóa đơn thực tế khi có lý do hợp lý. Đi lại bằng máy bay trong nước: hạng phổ thông được phê duyệt cho chuyến đi dưới 2 giờ bay. Đặt vé phải thực hiện tối thiểu 5 ngày làm việc trước ngày khởi hành để tiết kiệm chi phí. ## Chi phí Công tác Nhân viên đi công tác được thanh toán phụ cấp ăn uống theo khu vực: - Hà Nội và TP. HCM: 350.000 VNĐ/ngày - Các tỉnh thành khác: 250.000 VNĐ/ngày - Nước ngoài: theo quy định riêng từng quốc gia Chi phí lưu trú được hoàn trả theo hóa đơn thực tế, tối đa 1.500.000 VNĐ/đêm tại Hà Nội và TP. HCM. ## Quy trình Hoàn trả Chi phí Tất cả chi phí phải được nộp trong vòng 30 ngày kể từ ngày phát sinh. Hóa đơn VAT hoặc chứng từ hợp lệ là bắt buộc cho mọi khoản chi ph"", ""phí Tất cả chi phí phải được nộp trong vòng 30 ngày kể từ ngày phát sinh. Hóa đơn VAT hoặc chứng từ hợp lệ là bắt buộc cho mọi khoản chi phí trên 200.000 VNĐ. Chi phí dưới 500.000 VNĐ: quản lý trực tiếp phê duyệt. Chi phí từ 500.000 VNĐ đến 5.000.000 VNĐ: Trưởng phòng phê duyệt. Chi phí trên 5.000.000 VNĐ: Giám đốc bộ phận phê duyệt. ## Thưởng và Phúc lợi Thưởng tháng 13 được chi trả vào cuối tháng 12 dựa trên kết quả đánh giá hiệu suất và tình hình kinh doanh của công ty. Nhân viên phải làm việc đủ 6 tháng trong năm mới đủ điều kiện nhận thưởng. Thưởng Tết Nguyên Đán được chi trả trước kỳ nghỉ Tết ít nhất 3 ngày làm việc. Mức thưởng từ 0,5 đến 3 tháng lương tùy theo hiệu suất và đóng góp. ## Chính sách Đào tạo Công ty hỗ trợ chi phí đào tạo và phát triển kỹ năng tối đa 10.000.000 VNĐ/nhân viên/năm. Nhân viên phải cam kết làm việc tối thiểu 1 năm sau khi được hỗ trợ đào tạo có giá trị t""]"
"Trong tai lieu sample_02.md, noi dung chinh cua doan nay la gi?",Thông tin không được tìm thấy.,khách hàng và dữ liệu kinh doanh bảo mật không được chia sẻ ra bên ngoài mà không có sự cho phép của quản lý cấp cao.,simple,0.0,0.0,0.9999999999,1.0,"[""ức WireGuard với mã hóa AES-256. Kết nối VPN được cho phép tối đa 8 giờ liên tục, sau đó cần đăng nhập lại. Không được sử dụng VPN cá nhân trên thiết bị của công ty khi truy cập hệ thống nội bộ. ## Email và Liên lạc Email công ty chỉ được sử dụng cho mục đích công việc. Không được chuyển tiếp email nội bộ ra các địa chỉ email cá nhân. Dung lượng hộp thư tối đa là 25 GB. Tập tin đính kèm lớn hơn 25 MB phải được chia sẻ qua hệ thống lưu trữ đám mây nội bộ. ## Sao lưu Dữ liệu Dữ liệu công việc phải được lưu trên ổ đĩa mạng hoặc hệ thống đám mây được phê duyệt. Hệ thống tự động sao lưu dữ liệu hàng ngày lúc 2 giờ sáng. Nhân viên có trách nhiệm đảm bảo dữ liệu quan trọng được lưu đúng vị trí trước khi kết thúc ngày làm việc. ## Bảo mật Thông tin Thông tin khách hàng và dữ liệu kinh doanh bảo mật không được chia sẻ ra bên ngoài mà không có sự cho phép của quản lý cấp cao. Vi phạm bảo mật dữ li"", ""# Chính sách Nhân sự — Sổ tay Nhân viên 2024 ## Nghỉ phép năm Nhân viên chính thức được nghỉ phép năm 12 ngày làm việc mỗi năm. Số ngày nghỉ phép tăng thêm 1 ngày cho mỗi 5 năm thâm niên công tác, tối đa 20 ngày. Ngày nghỉ phép không sử dụng hết trong năm có thể chuyển sang năm tiếp theo, nhưng không quá 5 ngày. Nhân viên phải nộp đơn xin nghỉ phép trước ít nhất 3 ngày làm việc. ## Nghỉ phép không lương Nhân viên có thể xin nghỉ phép không lương tối đa 30 ngày mỗi năm. Đơn xin nghỉ phải được Giám đốc bộ phận phê duyệt bằng văn bản trước khi nghỉ. Nghỉ phép không lương quá 10 ngày liên tiếp phải được Giám đốc Điều hành phê duyệt. ## Nghỉ ốm Nhân viên được hưởng 10 ngày nghỉ ốm có lương mỗi năm. Cần nộp giấy xác nhận y tế từ cơ sở y tế được công nhận trong vòng 3 ngày làm việc kể từ ngày trở lại làm việc. Nghỉ ốm quá 3 ngày liên tiếp bắt buộc phải có giấy xác nhận của bác sĩ. ## Thời gian"", ""# Chính sách Tài chính và Chi phí — Sổ tay Nhân viên 2024 ## Phụ cấp đi lại Nhân viên sử dụng phương tiện cá nhân cho công việc được hoàn trả 3.500 VNĐ/km. Xe taxi hoặc xe công nghệ được hoàn trả theo hóa đơn thực tế khi có lý do hợp lý. Đi lại bằng máy bay trong nước: hạng phổ thông được phê duyệt cho chuyến đi dưới 2 giờ bay. Đặt vé phải thực hiện tối thiểu 5 ngày làm việc trước ngày khởi hành để tiết kiệm chi phí. ## Chi phí Công tác Nhân viên đi công tác được thanh toán phụ cấp ăn uống theo khu vực: - Hà Nội và TP. HCM: 350.000 VNĐ/ngày - Các tỉnh thành khác: 250.000 VNĐ/ngày - Nước ngoài: theo quy định riêng từng quốc gia Chi phí lưu trú được hoàn trả theo hóa đơn thực tế, tối đa 1.500.000 VNĐ/đêm tại Hà Nội và TP. HCM. ## Quy trình Hoàn trả Chi phí Tất cả chi phí phải được nộp trong vòng 30 ngày kể từ ngày phát sinh. Hóa đơn VAT hoặc chứng từ hợp lệ là bắt buộc cho mọi khoản chi ph"", ""phí Tất cả chi phí phải được nộp trong vòng 30 ngày kể từ ngày phát sinh. Hóa đơn VAT hoặc chứng từ hợp lệ là bắt buộc cho mọi khoản chi phí trên 200.000 VNĐ. Chi phí dưới 500.000 VNĐ: quản lý trực tiếp phê duyệt. Chi phí từ 500.000 VNĐ đến 5.000.000 VNĐ: Trưởng phòng phê duyệt. Chi phí trên 5.000.000 VNĐ: Giám đốc bộ phận phê duyệt. ## Thưởng và Phúc lợi Thưởng tháng 13 được chi trả vào cuối tháng 12 dựa trên kết quả đánh giá hiệu suất và tình hình kinh doanh của công ty. Nhân viên phải làm việc đủ 6 tháng trong năm mới đủ điều kiện nhận thưởng. Thưởng Tết Nguyên Đán được chi trả trước kỳ nghỉ Tết ít nhất 3 ngày làm việc. Mức thưởng từ 0,5 đến 3 tháng lương tùy theo hiệu suất và đóng góp. ## Chính sách Đào tạo Công ty hỗ trợ chi phí đào tạo và phát triển kỹ năng tối đa 10.000.000 VNĐ/nhân viên/năm. Nhân viên phải cam kết làm việc tối thiểu 1 năm sau khi được hỗ trợ đào tạo có giá trị t""]"
"Trong tai lieu sample_03.md, noi dung chinh cua doan nay la gi?",Thông tin không được tìm thấy.,# Chính sách Tài chính và Chi phí — Sổ tay Nhân viên 2024 ## Phụ cấp đi lại Nhân viên sử dụng phương tiện cá nhân cho công việc được hoàn trả 3.500 VNĐ/km.,simple,0.0,0.0,0.3333333333,1.0,"[""ức WireGuard với mã hóa AES-256. Kết nối VPN được cho phép tối đa 8 giờ liên tục, sau đó cần đăng nhập lại. Không được sử dụng VPN cá nhân trên thiết bị của công ty khi truy cập hệ thống nội bộ. ## Email và Liên lạc Email công ty chỉ được sử dụng cho mục đích công việc. Không được chuyển tiếp email nội bộ ra các địa chỉ email cá nhân. Dung lượng hộp thư tối đa là 25 GB. Tập tin đính kèm lớn hơn 25 MB phải được chia sẻ qua hệ thống lưu trữ đám mây nội bộ. ## Sao lưu Dữ liệu Dữ liệu công việc phải được lưu trên ổ đĩa mạng hoặc hệ thống đám mây được phê duyệt. Hệ thống tự động sao lưu dữ liệu hàng ngày lúc 2 giờ sáng. Nhân viên có trách nhiệm đảm bảo dữ liệu quan trọng được lưu đúng vị trí trước khi kết thúc ngày làm việc. ## Bảo mật Thông tin Thông tin khách hàng và dữ liệu kinh doanh bảo mật không được chia sẻ ra bên ngoài mà không có sự cho phép của quản lý cấp cao. Vi phạm bảo mật dữ li"", ""# Chính sách Nhân sự — Sổ tay Nhân viên 2024 ## Nghỉ phép năm Nhân viên chính thức được nghỉ phép năm 12 ngày làm việc mỗi năm. Số ngày nghỉ phép tăng thêm 1 ngày cho mỗi 5 năm thâm niên công tác, tối đa 20 ngày. Ngày nghỉ phép không sử dụng hết trong năm có thể chuyển sang năm tiếp theo, nhưng không quá 5 ngày. Nhân viên phải nộp đơn xin nghỉ phép trước ít nhất 3 ngày làm việc. ## Nghỉ phép không lương Nhân viên có thể xin nghỉ phép không lương tối đa 30 ngày mỗi năm. Đơn xin nghỉ phải được Giám đốc bộ phận phê duyệt bằng văn bản trước khi nghỉ. Nghỉ phép không lương quá 10 ngày liên tiếp phải được Giám đốc Điều hành phê duyệt. ## Nghỉ ốm Nhân viên được hưởng 10 ngày nghỉ ốm có lương mỗi năm. Cần nộp giấy xác nhận y tế từ cơ sở y tế được công nhận trong vòng 3 ngày làm việc kể từ ngày trở lại làm việc. Nghỉ ốm quá 3 ngày liên tiếp bắt buộc phải có giấy xác nhận của bác sĩ. ## Thời gian"", ""# Chính sách Tài chính và Chi phí — Sổ tay Nhân viên 2024 ## Phụ cấp đi lại Nhân viên sử dụng phương tiện cá nhân cho công việc được hoàn trả 3.500 VNĐ/km. Xe taxi hoặc xe công nghệ được hoàn trả theo hóa đơn thực tế khi có lý do hợp lý. Đi lại bằng máy bay trong nước: hạng phổ thông được phê duyệt cho chuyến đi dưới 2 giờ bay. Đặt vé phải thực hiện tối thiểu 5 ngày làm việc trước ngày khởi hành để tiết kiệm chi phí. ## Chi phí Công tác Nhân viên đi công tác được thanh toán phụ cấp ăn uống theo khu vực: - Hà Nội và TP. HCM: 350.000 VNĐ/ngày - Các tỉnh thành khác: 250.000 VNĐ/ngày - Nước ngoài: theo quy định riêng từng quốc gia Chi phí lưu trú được hoàn trả theo hóa đơn thực tế, tối đa 1.500.000 VNĐ/đêm tại Hà Nội và TP. HCM. ## Quy trình Hoàn trả Chi phí Tất cả chi phí phải được nộp trong vòng 30 ngày kể từ ngày phát sinh. Hóa đơn VAT hoặc chứng từ hợp lệ là bắt buộc cho mọi khoản chi ph"", ""phí Tất cả chi phí phải được nộp trong vòng 30 ngày kể từ ngày phát sinh. Hóa đơn VAT hoặc chứng từ hợp lệ là bắt buộc cho mọi khoản chi phí trên 200.000 VNĐ. Chi phí dưới 500.000 VNĐ: quản lý trực tiếp phê duyệt. Chi phí từ 500.000 VNĐ đến 5.000.000 VNĐ: Trưởng phòng phê duyệt. Chi phí trên 5.000.000 VNĐ: Giám đốc bộ phận phê duyệt. ## Thưởng và Phúc lợi Thưởng tháng 13 được chi trả vào cuối tháng 12 dựa trên kết quả đánh giá hiệu suất và tình hình kinh doanh của công ty. Nhân viên phải làm việc đủ 6 tháng trong năm mới đủ điều kiện nhận thưởng. Thưởng Tết Nguyên Đán được chi trả trước kỳ nghỉ Tết ít nhất 3 ngày làm việc. Mức thưởng từ 0,5 đến 3 tháng lương tùy theo hiệu suất và đóng góp. ## Chính sách Đào tạo Công ty hỗ trợ chi phí đào tạo và phát triển kỹ năng tối đa 10.000.000 VNĐ/nhân viên/năm. Nhân viên phải cam kết làm việc tối thiểu 1 năm sau khi được hỗ trợ đào tạo có giá trị t""]"
"Trong tai lieu sample_03.md, noi dung chinh cua doan nay la gi?",Thông tin không được tìm thấy.,Hóa đơn VAT hoặc chứng từ hợp lệ là bắt buộc cho mọi khoản chi phí trên 200.000 VNĐ.,simple,0.0,0.0,0.249999999975,1.0,"[""ức WireGuard với mã hóa AES-256. Kết nối VPN được cho phép tối đa 8 giờ liên tục, sau đó cần đăng nhập lại. Không được sử dụng VPN cá nhân trên thiết bị của công ty khi truy cập hệ thống nội bộ. ## Email và Liên lạc Email công ty chỉ được sử dụng cho mục đích công việc. Không được chuyển tiếp email nội bộ ra các địa chỉ email cá nhân. Dung lượng hộp thư tối đa là 25 GB. Tập tin đính kèm lớn hơn 25 MB phải được chia sẻ qua hệ thống lưu trữ đám mây nội bộ. ## Sao lưu Dữ liệu Dữ liệu công việc phải được lưu trên ổ đĩa mạng hoặc hệ thống đám mây được phê duyệt. Hệ thống tự động sao lưu dữ liệu hàng ngày lúc 2 giờ sáng. Nhân viên có trách nhiệm đảm bảo dữ liệu quan trọng được lưu đúng vị trí trước khi kết thúc ngày làm việc. ## Bảo mật Thông tin Thông tin khách hàng và dữ liệu kinh doanh bảo mật không được chia sẻ ra bên ngoài mà không có sự cho phép của quản lý cấp cao. Vi phạm bảo mật dữ li"", ""# Chính sách Nhân sự — Sổ tay Nhân viên 2024 ## Nghỉ phép năm Nhân viên chính thức được nghỉ phép năm 12 ngày làm việc mỗi năm. Số ngày nghỉ phép tăng thêm 1 ngày cho mỗi 5 năm thâm niên công tác, tối đa 20 ngày. Ngày nghỉ phép không sử dụng hết trong năm có thể chuyển sang năm tiếp theo, nhưng không quá 5 ngày. Nhân viên phải nộp đơn xin nghỉ phép trước ít nhất 3 ngày làm việc. ## Nghỉ phép không lương Nhân viên có thể xin nghỉ phép không lương tối đa 30 ngày mỗi năm. Đơn xin nghỉ phải được Giám đốc bộ phận phê duyệt bằng văn bản trước khi nghỉ. Nghỉ phép không lương quá 10 ngày liên tiếp phải được Giám đốc Điều hành phê duyệt. ## Nghỉ ốm Nhân viên được hưởng 10 ngày nghỉ ốm có lương mỗi năm. Cần nộp giấy xác nhận y tế từ cơ sở y tế được công nhận trong vòng 3 ngày làm việc kể từ ngày trở lại làm việc. Nghỉ ốm quá 3 ngày liên tiếp bắt buộc phải có giấy xác nhận của bác sĩ. ## Thời gian"", ""# Chính sách Tài chính và Chi phí — Sổ tay Nhân viên 2024 ## Phụ cấp đi lại Nhân viên sử dụng phương tiện cá nhân cho công việc được hoàn trả 3.500 VNĐ/km. Xe taxi hoặc xe công nghệ được hoàn trả theo hóa đơn thực tế khi có lý do hợp lý. Đi lại bằng máy bay trong nước: hạng phổ thông được phê duyệt cho chuyến đi dưới 2 giờ bay. Đặt vé phải thực hiện tối thiểu 5 ngày làm việc trước ngày khởi hành để tiết kiệm chi phí. ## Chi phí Công tác Nhân viên đi công tác được thanh toán phụ cấp ăn uống theo khu vực: - Hà Nội và TP. HCM: 350.000 VNĐ/ngày - Các tỉnh thành khác: 250.000 VNĐ/ngày - Nước ngoài: theo quy định riêng từng quốc gia Chi phí lưu trú được hoàn trả theo hóa đơn thực tế, tối đa 1.500.000 VNĐ/đêm tại Hà Nội và TP. HCM. ## Quy trình Hoàn trả Chi phí Tất cả chi phí phải được nộp trong vòng 30 ngày kể từ ngày phát sinh. Hóa đơn VAT hoặc chứng từ hợp lệ là bắt buộc cho mọi khoản chi ph"", ""phí Tất cả chi phí phải được nộp trong vòng 30 ngày kể từ ngày phát sinh. Hóa đơn VAT hoặc chứng từ hợp lệ là bắt buộc cho mọi khoản chi phí trên 200.000 VNĐ. Chi phí dưới 500.000 VNĐ: quản lý trực tiếp phê duyệt. Chi phí từ 500.000 VNĐ đến 5.000.000 VNĐ: Trưởng phòng phê duyệt. Chi phí trên 5.000.000 VNĐ: Giám đốc bộ phận phê duyệt. ## Thưởng và Phúc lợi Thưởng tháng 13 được chi trả vào cuối tháng 12 dựa trên kết quả đánh giá hiệu suất và tình hình kinh doanh của công ty. Nhân viên phải làm việc đủ 6 tháng trong năm mới đủ điều kiện nhận thưởng. Thưởng Tết Nguyên Đán được chi trả trước kỳ nghỉ Tết ít nhất 3 ngày làm việc. Mức thưởng từ 0,5 đến 3 tháng lương tùy theo hiệu suất và đóng góp. ## Chính sách Đào tạo Công ty hỗ trợ chi phí đào tạo và phát triển kỹ năng tối đa 10.000.000 VNĐ/nhân viên/năm. Nhân viên phải cam kết làm việc tối thiểu 1 năm sau khi được hỗ trợ đào tạo có giá trị t""]"
"Trong tai lieu sample_03.md, noi dung chinh cua doan nay la gi?",Thông tin không được tìm thấy.,Nhân viên phải cam kết làm việc tối thiểu 1 năm sau khi được hỗ trợ đào tạo có giá trị trên 5.000.000 VNĐ.,simple,0.0,0.0,0.249999999975,1.0,"[""ức WireGuard với mã hóa AES-256. Kết nối VPN được cho phép tối đa 8 giờ liên tục, sau đó cần đăng nhập lại. Không được sử dụng VPN cá nhân trên thiết bị của công ty khi truy cập hệ thống nội bộ. ## Email và Liên lạc Email công ty chỉ được sử dụng cho mục đích công việc. Không được chuyển tiếp email nội bộ ra các địa chỉ email cá nhân. Dung lượng hộp thư tối đa là 25 GB. Tập tin đính kèm lớn hơn 25 MB phải được chia sẻ qua hệ thống lưu trữ đám mây nội bộ. ## Sao lưu Dữ liệu Dữ liệu công việc phải được lưu trên ổ đĩa mạng hoặc hệ thống đám mây được phê duyệt. Hệ thống tự động sao lưu dữ liệu hàng ngày lúc 2 giờ sáng. Nhân viên có trách nhiệm đảm bảo dữ liệu quan trọng được lưu đúng vị trí trước khi kết thúc ngày làm việc. ## Bảo mật Thông tin Thông tin khách hàng và dữ liệu kinh doanh bảo mật không được chia sẻ ra bên ngoài mà không có sự cho phép của quản lý cấp cao. Vi phạm bảo mật dữ li"", ""# Chính sách Nhân sự — Sổ tay Nhân viên 2024 ## Nghỉ phép năm Nhân viên chính thức được nghỉ phép năm 12 ngày làm việc mỗi năm. Số ngày nghỉ phép tăng thêm 1 ngày cho mỗi 5 năm thâm niên công tác, tối đa 20 ngày. Ngày nghỉ phép không sử dụng hết trong năm có thể chuyển sang năm tiếp theo, nhưng không quá 5 ngày. Nhân viên phải nộp đơn xin nghỉ phép trước ít nhất 3 ngày làm việc. ## Nghỉ phép không lương Nhân viên có thể xin nghỉ phép không lương tối đa 30 ngày mỗi năm. Đơn xin nghỉ phải được Giám đốc bộ phận phê duyệt bằng văn bản trước khi nghỉ. Nghỉ phép không lương quá 10 ngày liên tiếp phải được Giám đốc Điều hành phê duyệt. ## Nghỉ ốm Nhân viên được hưởng 10 ngày nghỉ ốm có lương mỗi năm. Cần nộp giấy xác nhận y tế từ cơ sở y tế được công nhận trong vòng 3 ngày làm việc kể từ ngày trở lại làm việc. Nghỉ ốm quá 3 ngày liên tiếp bắt buộc phải có giấy xác nhận của bác sĩ. ## Thời gian"", ""# Chính sách Tài chính và Chi phí — Sổ tay Nhân viên 2024 ## Phụ cấp đi lại Nhân viên sử dụng phương tiện cá nhân cho công việc được hoàn trả 3.500 VNĐ/km. Xe taxi hoặc xe công nghệ được hoàn trả theo hóa đơn thực tế khi có lý do hợp lý. Đi lại bằng máy bay trong nước: hạng phổ thông được phê duyệt cho chuyến đi dưới 2 giờ bay. Đặt vé phải thực hiện tối thiểu 5 ngày làm việc trước ngày khởi hành để tiết kiệm chi phí. ## Chi phí Công tác Nhân viên đi công tác được thanh toán phụ cấp ăn uống theo khu vực: - Hà Nội và TP. HCM: 350.000 VNĐ/ngày - Các tỉnh thành khác: 250.000 VNĐ/ngày - Nước ngoài: theo quy định riêng từng quốc gia Chi phí lưu trú được hoàn trả theo hóa đơn thực tế, tối đa 1.500.000 VNĐ/đêm tại Hà Nội và TP. HCM. ## Quy trình Hoàn trả Chi phí Tất cả chi phí phải được nộp trong vòng 30 ngày kể từ ngày phát sinh. Hóa đơn VAT hoặc chứng từ hợp lệ là bắt buộc cho mọi khoản chi ph"", ""phí Tất cả chi phí phải được nộp trong vòng 30 ngày kể từ ngày phát sinh. Hóa đơn VAT hoặc chứng từ hợp lệ là bắt buộc cho mọi khoản chi phí trên 200.000 VNĐ. Chi phí dưới 500.000 VNĐ: quản lý trực tiếp phê duyệt. Chi phí từ 500.000 VNĐ đến 5.000.000 VNĐ: Trưởng phòng phê duyệt. Chi phí trên 5.000.000 VNĐ: Giám đốc bộ phận phê duyệt. ## Thưởng và Phúc lợi Thưởng tháng 13 được chi trả vào cuối tháng 12 dựa trên kết quả đánh giá hiệu suất và tình hình kinh doanh của công ty. Nhân viên phải làm việc đủ 6 tháng trong năm mới đủ điều kiện nhận thưởng. Thưởng Tết Nguyên Đán được chi trả trước kỳ nghỉ Tết ít nhất 3 ngày làm việc. Mức thưởng từ 0,5 đến 3 tháng lương tùy theo hiệu suất và đóng góp. ## Chính sách Đào tạo Công ty hỗ trợ chi phí đào tạo và phát triển kỹ năng tối đa 10.000.000 VNĐ/nhân viên/năm. Nhân viên phải cam kết làm việc tối thiểu 1 năm sau khi được hỗ trợ đào tạo có giá trị t""]"
"Trong tai lieu sample_01.md, noi dung chinh cua doan nay la gi?",Thông tin không được tìm thấy.,# Chính sách Nhân sự — Sổ tay Nhân viên 2024 ## Nghỉ phép năm Nhân viên chính thức được nghỉ phép năm 12 ngày làm việc mỗi năm.,simple,0.0,0.0,0.49999999995,1.0,"[""ức WireGuard với mã hóa AES-256. Kết nối VPN được cho phép tối đa 8 giờ liên tục, sau đó cần đăng nhập lại. Không được sử dụng VPN cá nhân trên thiết bị của công ty khi truy cập hệ thống nội bộ. ## Email và Liên lạc Email công ty chỉ được sử dụng cho mục đích công việc. Không được chuyển tiếp email nội bộ ra các địa chỉ email cá nhân. Dung lượng hộp thư tối đa là 25 GB. Tập tin đính kèm lớn hơn 25 MB phải được chia sẻ qua hệ thống lưu trữ đám mây nội bộ. ## Sao lưu Dữ liệu Dữ liệu công việc phải được lưu trên ổ đĩa mạng hoặc hệ thống đám mây được phê duyệt. Hệ thống tự động sao lưu dữ liệu hàng ngày lúc 2 giờ sáng. Nhân viên có trách nhiệm đảm bảo dữ liệu quan trọng được lưu đúng vị trí trước khi kết thúc ngày làm việc. ## Bảo mật Thông tin Thông tin khách hàng và dữ liệu kinh doanh bảo mật không được chia sẻ ra bên ngoài mà không có sự cho phép của quản lý cấp cao. Vi phạm bảo mật dữ li"", ""# Chính sách Nhân sự — Sổ tay Nhân viên 2024 ## Nghỉ phép năm Nhân viên chính thức được nghỉ phép năm 12 ngày làm việc mỗi năm. Số ngày nghỉ phép tăng thêm 1 ngày cho mỗi 5 năm thâm niên công tác, tối đa 20 ngày. Ngày nghỉ phép không sử dụng hết trong năm có thể chuyển sang năm tiếp theo, nhưng không quá 5 ngày. Nhân viên phải nộp đơn xin nghỉ phép trước ít nhất 3 ngày làm việc. ## Nghỉ phép không lương Nhân viên có thể xin nghỉ phép không lương tối đa 30 ngày mỗi năm. Đơn xin nghỉ phải được Giám đốc bộ phận phê duyệt bằng văn bản trước khi nghỉ. Nghỉ phép không lương quá 10 ngày liên tiếp phải được Giám đốc Điều hành phê duyệt. ## Nghỉ ốm Nhân viên được hưởng 10 ngày nghỉ ốm có lương mỗi năm. Cần nộp giấy xác nhận y tế từ cơ sở y tế được công nhận trong vòng 3 ngày làm việc kể từ ngày trở lại làm việc. Nghỉ ốm quá 3 ngày liên tiếp bắt buộc phải có giấy xác nhận của bác sĩ. ## Thời gian"", ""# Chính sách Tài chính và Chi phí — Sổ tay Nhân viên 2024 ## Phụ cấp đi lại Nhân viên sử dụng phương tiện cá nhân cho công việc được hoàn trả 3.500 VNĐ/km. Xe taxi hoặc xe công nghệ được hoàn trả theo hóa đơn thực tế khi có lý do hợp lý. Đi lại bằng máy bay trong nước: hạng phổ thông được phê duyệt cho chuyến đi dưới 2 giờ bay. Đặt vé phải thực hiện tối thiểu 5 ngày làm việc trước ngày khởi hành để tiết kiệm chi phí. ## Chi phí Công tác Nhân viên đi công tác được thanh toán phụ cấp ăn uống theo khu vực: - Hà Nội và TP. HCM: 350.000 VNĐ/ngày - Các tỉnh thành khác: 250.000 VNĐ/ngày - Nước ngoài: theo quy định riêng từng quốc gia Chi phí lưu trú được hoàn trả theo hóa đơn thực tế, tối đa 1.500.000 VNĐ/đêm tại Hà Nội và TP. HCM. ## Quy trình Hoàn trả Chi phí Tất cả chi phí phải được nộp trong vòng 30 ngày kể từ ngày phát sinh. Hóa đơn VAT hoặc chứng từ hợp lệ là bắt buộc cho mọi khoản chi ph"", ""phí Tất cả chi phí phải được nộp trong vòng 30 ngày kể từ ngày phát sinh. Hóa đơn VAT hoặc chứng từ hợp lệ là bắt buộc cho mọi khoản chi phí trên 200.000 VNĐ. Chi phí dưới 500.000 VNĐ: quản lý trực tiếp phê duyệt. Chi phí từ 500.000 VNĐ đến 5.000.000 VNĐ: Trưởng phòng phê duyệt. Chi phí trên 5.000.000 VNĐ: Giám đốc bộ phận phê duyệt. ## Thưởng và Phúc lợi Thưởng tháng 13 được chi trả vào cuối tháng 12 dựa trên kết quả đánh giá hiệu suất và tình hình kinh doanh của công ty. Nhân viên phải làm việc đủ 6 tháng trong năm mới đủ điều kiện nhận thưởng. Thưởng Tết Nguyên Đán được chi trả trước kỳ nghỉ Tết ít nhất 3 ngày làm việc. Mức thưởng từ 0,5 đến 3 tháng lương tùy theo hiệu suất và đóng góp. ## Chính sách Đào tạo Công ty hỗ trợ chi phí đào tạo và phát triển kỹ năng tối đa 10.000.000 VNĐ/nhân viên/năm. Nhân viên phải cam kết làm việc tối thiểu 1 năm sau khi được hỗ trợ đào tạo có giá trị t""]"
"Trong tai lieu sample_01.md, noi dung chinh cua doan nay la gi?",Thông tin không được tìm thấy.,## Thời gian thử việc Thời gian thử việc là 60 ngày đối với nhân viên bậc cao và 30 ngày đối với nhân viên thông thường.,simple,0.0,0.0,0.0,0.0,"[""ức WireGuard với mã hóa AES-256. Kết nối VPN được cho phép tối đa 8 giờ liên tục, sau đó cần đăng nhập lại. Không được sử dụng VPN cá nhân trên thiết bị của công ty khi truy cập hệ thống nội bộ. ## Email và Liên lạc Email công ty chỉ được sử dụng cho mục đích công việc. Không được chuyển tiếp email nội bộ ra các địa chỉ email cá nhân. Dung lượng hộp thư tối đa là 25 GB. Tập tin đính kèm lớn hơn 25 MB phải được chia sẻ qua hệ thống lưu trữ đám mây nội bộ. ## Sao lưu Dữ liệu Dữ liệu công việc phải được lưu trên ổ đĩa mạng hoặc hệ thống đám mây được phê duyệt. Hệ thống tự động sao lưu dữ liệu hàng ngày lúc 2 giờ sáng. Nhân viên có trách nhiệm đảm bảo dữ liệu quan trọng được lưu đúng vị trí trước khi kết thúc ngày làm việc. ## Bảo mật Thông tin Thông tin khách hàng và dữ liệu kinh doanh bảo mật không được chia sẻ ra bên ngoài mà không có sự cho phép của quản lý cấp cao. Vi phạm bảo mật dữ li"", ""# Chính sách Nhân sự — Sổ tay Nhân viên 2024 ## Nghỉ phép năm Nhân viên chính thức được nghỉ phép năm 12 ngày làm việc mỗi năm. Số ngày nghỉ phép tăng thêm 1 ngày cho mỗi 5 năm thâm niên công tác, tối đa 20 ngày. Ngày nghỉ phép không sử dụng hết trong năm có thể chuyển sang năm tiếp theo, nhưng không quá 5 ngày. Nhân viên phải nộp đơn xin nghỉ phép trước ít nhất 3 ngày làm việc. ## Nghỉ phép không lương Nhân viên có thể xin nghỉ phép không lương tối đa 30 ngày mỗi năm. Đơn xin nghỉ phải được Giám đốc bộ phận phê duyệt bằng văn bản trước khi nghỉ. Nghỉ phép không lương quá 10 ngày liên tiếp phải được Giám đốc Điều hành phê duyệt. ## Nghỉ ốm Nhân viên được hưởng 10 ngày nghỉ ốm có lương mỗi năm. Cần nộp giấy xác nhận y tế từ cơ sở y tế được công nhận trong vòng 3 ngày làm việc kể từ ngày trở lại làm việc. Nghỉ ốm quá 3 ngày liên tiếp bắt buộc phải có giấy xác nhận của bác sĩ. ## Thời gian"", ""# Chính sách Tài chính và Chi phí — Sổ tay Nhân viên 2024 ## Phụ cấp đi lại Nhân viên sử dụng phương tiện cá nhân cho công việc được hoàn trả 3.500 VNĐ/km. Xe taxi hoặc xe công nghệ được hoàn trả theo hóa đơn thực tế khi có lý do hợp lý. Đi lại bằng máy bay trong nước: hạng phổ thông được phê duyệt cho chuyến đi dưới 2 giờ bay. Đặt vé phải thực hiện tối thiểu 5 ngày làm việc trước ngày khởi hành để tiết kiệm chi phí. ## Chi phí Công tác Nhân viên đi công tác được thanh toán phụ cấp ăn uống theo khu vực: - Hà Nội và TP. HCM: 350.000 VNĐ/ngày - Các tỉnh thành khác: 250.000 VNĐ/ngày - Nước ngoài: theo quy định riêng từng quốc gia Chi phí lưu trú được hoàn trả theo hóa đơn thực tế, tối đa 1.500.000 VNĐ/đêm tại Hà Nội và TP. HCM. ## Quy trình Hoàn trả Chi phí Tất cả chi phí phải được nộp trong vòng 30 ngày kể từ ngày phát sinh. Hóa đơn VAT hoặc chứng từ hợp lệ là bắt buộc cho mọi khoản chi ph"", ""phí Tất cả chi phí phải được nộp trong vòng 30 ngày kể từ ngày phát sinh. Hóa đơn VAT hoặc chứng từ hợp lệ là bắt buộc cho mọi khoản chi phí trên 200.000 VNĐ. Chi phí dưới 500.000 VNĐ: quản lý trực tiếp phê duyệt. Chi phí từ 500.000 VNĐ đến 5.000.000 VNĐ: Trưởng phòng phê duyệt. Chi phí trên 5.000.000 VNĐ: Giám đốc bộ phận phê duyệt. ## Thưởng và Phúc lợi Thưởng tháng 13 được chi trả vào cuối tháng 12 dựa trên kết quả đánh giá hiệu suất và tình hình kinh doanh của công ty. Nhân viên phải làm việc đủ 6 tháng trong năm mới đủ điều kiện nhận thưởng. Thưởng Tết Nguyên Đán được chi trả trước kỳ nghỉ Tết ít nhất 3 ngày làm việc. Mức thưởng từ 0,5 đến 3 tháng lương tùy theo hiệu suất và đóng góp. ## Chính sách Đào tạo Công ty hỗ trợ chi phí đào tạo và phát triển kỹ năng tối đa 10.000.000 VNĐ/nhân viên/năm. Nhân viên phải cam kết làm việc tối thiểu 1 năm sau khi được hỗ trợ đào tạo có giá trị t""]"
"Trong tai lieu sample_01.md, noi dung chinh cua doan nay la gi?",Thông tin không được tìm thấy.,## Đánh giá hiệu suất Đánh giá hiệu suất được thực hiện 2 lần/năm: tháng 6 và tháng 12.,simple,0.0,0.0,0.0,0.0,"[""ức WireGuard với mã hóa AES-256. Kết nối VPN được cho phép tối đa 8 giờ liên tục, sau đó cần đăng nhập lại. Không được sử dụng VPN cá nhân trên thiết bị của công ty khi truy cập hệ thống nội bộ. ## Email và Liên lạc Email công ty chỉ được sử dụng cho mục đích công việc. Không được chuyển tiếp email nội bộ ra các địa chỉ email cá nhân. Dung lượng hộp thư tối đa là 25 GB. Tập tin đính kèm lớn hơn 25 MB phải được chia sẻ qua hệ thống lưu trữ đám mây nội bộ. ## Sao lưu Dữ liệu Dữ liệu công việc phải được lưu trên ổ đĩa mạng hoặc hệ thống đám mây được phê duyệt. Hệ thống tự động sao lưu dữ liệu hàng ngày lúc 2 giờ sáng. Nhân viên có trách nhiệm đảm bảo dữ liệu quan trọng được lưu đúng vị trí trước khi kết thúc ngày làm việc. ## Bảo mật Thông tin Thông tin khách hàng và dữ liệu kinh doanh bảo mật không được chia sẻ ra bên ngoài mà không có sự cho phép của quản lý cấp cao. Vi phạm bảo mật dữ li"", ""# Chính sách Nhân sự — Sổ tay Nhân viên 2024 ## Nghỉ phép năm Nhân viên chính thức được nghỉ phép năm 12 ngày làm việc mỗi năm. Số ngày nghỉ phép tăng thêm 1 ngày cho mỗi 5 năm thâm niên công tác, tối đa 20 ngày. Ngày nghỉ phép không sử dụng hết trong năm có thể chuyển sang năm tiếp theo, nhưng không quá 5 ngày. Nhân viên phải nộp đơn xin nghỉ phép trước ít nhất 3 ngày làm việc. ## Nghỉ phép không lương Nhân viên có thể xin nghỉ phép không lương tối đa 30 ngày mỗi năm. Đơn xin nghỉ phải được Giám đốc bộ phận phê duyệt bằng văn bản trước khi nghỉ. Nghỉ phép không lương quá 10 ngày liên tiếp phải được Giám đốc Điều hành phê duyệt. ## Nghỉ ốm Nhân viên được hưởng 10 ngày nghỉ ốm có lương mỗi năm. Cần nộp giấy xác nhận y tế từ cơ sở y tế được công nhận trong vòng 3 ngày làm việc kể từ ngày trở lại làm việc. Nghỉ ốm quá 3 ngày liên tiếp bắt buộc phải có giấy xác nhận của bác sĩ. ## Thời gian"", ""# Chính sách Tài chính và Chi phí — Sổ tay Nhân viên 2024 ## Phụ cấp đi lại Nhân viên sử dụng phương tiện cá nhân cho công việc được hoàn trả 3.500 VNĐ/km. Xe taxi hoặc xe công nghệ được hoàn trả theo hóa đơn thực tế khi có lý do hợp lý. Đi lại bằng máy bay trong nước: hạng phổ thông được phê duyệt cho chuyến đi dưới 2 giờ bay. Đặt vé phải thực hiện tối thiểu 5 ngày làm việc trước ngày khởi hành để tiết kiệm chi phí. ## Chi phí Công tác Nhân viên đi công tác được thanh toán phụ cấp ăn uống theo khu vực: - Hà Nội và TP. HCM: 350.000 VNĐ/ngày - Các tỉnh thành khác: 250.000 VNĐ/ngày - Nước ngoài: theo quy định riêng từng quốc gia Chi phí lưu trú được hoàn trả theo hóa đơn thực tế, tối đa 1.500.000 VNĐ/đêm tại Hà Nội và TP. HCM. ## Quy trình Hoàn trả Chi phí Tất cả chi phí phải được nộp trong vòng 30 ngày kể từ ngày phát sinh. Hóa đơn VAT hoặc chứng từ hợp lệ là bắt buộc cho mọi khoản chi ph"", ""phí Tất cả chi phí phải được nộp trong vòng 30 ngày kể từ ngày phát sinh. Hóa đơn VAT hoặc chứng từ hợp lệ là bắt buộc cho mọi khoản chi phí trên 200.000 VNĐ. Chi phí dưới 500.000 VNĐ: quản lý trực tiếp phê duyệt. Chi phí từ 500.000 VNĐ đến 5.000.000 VNĐ: Trưởng phòng phê duyệt. Chi phí trên 5.000.000 VNĐ: Giám đốc bộ phận phê duyệt. ## Thưởng và Phúc lợi Thưởng tháng 13 được chi trả vào cuối tháng 12 dựa trên kết quả đánh giá hiệu suất và tình hình kinh doanh của công ty. Nhân viên phải làm việc đủ 6 tháng trong năm mới đủ điều kiện nhận thưởng. Thưởng Tết Nguyên Đán được chi trả trước kỳ nghỉ Tết ít nhất 3 ngày làm việc. Mức thưởng từ 0,5 đến 3 tháng lương tùy theo hiệu suất và đóng góp. ## Chính sách Đào tạo Công ty hỗ trợ chi phí đào tạo và phát triển kỹ năng tối đa 10.000.000 VNĐ/nhân viên/năm. Nhân viên phải cam kết làm việc tối thiểu 1 năm sau khi được hỗ trợ đào tạo có giá trị t""]"
"Trong tai lieu sample_02.md, noi dung chinh cua doan nay la gi?",Thông tin không được tìm thấy.,# Chính sách Công nghệ Thông tin — Sổ tay Nhân viên 2024 ## Chính sách Mật khẩu Mật khẩu tài khoản công ty phải được thay đổi mỗi 90 ngày.,simple,0.0,0.0,0.0,0.6666666666666666,"[""ức WireGuard với mã hóa AES-256. Kết nối VPN được cho phép tối đa 8 giờ liên tục, sau đó cần đăng nhập lại. Không được sử dụng VPN cá nhân trên thiết bị của công ty khi truy cập hệ thống nội bộ. ## Email và Liên lạc Email công ty chỉ được sử dụng cho mục đích công việc. Không được chuyển tiếp email nội bộ ra các địa chỉ email cá nhân. Dung lượng hộp thư tối đa là 25 GB. Tập tin đính kèm lớn hơn 25 MB phải được chia sẻ qua hệ thống lưu trữ đám mây nội bộ. ## Sao lưu Dữ liệu Dữ liệu công việc phải được lưu trên ổ đĩa mạng hoặc hệ thống đám mây được phê duyệt. Hệ thống tự động sao lưu dữ liệu hàng ngày lúc 2 giờ sáng. Nhân viên có trách nhiệm đảm bảo dữ liệu quan trọng được lưu đúng vị trí trước khi kết thúc ngày làm việc. ## Bảo mật Thông tin Thông tin khách hàng và dữ liệu kinh doanh bảo mật không được chia sẻ ra bên ngoài mà không có sự cho phép của quản lý cấp cao. Vi phạm bảo mật dữ li"", ""# Chính sách Nhân sự — Sổ tay Nhân viên 2024 ## Nghỉ phép năm Nhân viên chính thức được nghỉ phép năm 12 ngày làm việc mỗi năm. Số ngày nghỉ phép tăng thêm 1 ngày cho mỗi 5 năm thâm niên công tác, tối đa 20 ngày. Ngày nghỉ phép không sử dụng hết trong năm có thể chuyển sang năm tiếp theo, nhưng không quá 5 ngày. Nhân viên phải nộp đơn xin nghỉ phép trước ít nhất 3 ngày làm việc. ## Nghỉ phép không lương Nhân viên có thể xin nghỉ phép không lương tối đa 30 ngày mỗi năm. Đơn xin nghỉ phải được Giám đốc bộ phận phê duyệt bằng văn bản trước khi nghỉ. Nghỉ phép không lương quá 10 ngày liên tiếp phải được Giám đốc Điều hành phê duyệt. ## Nghỉ ốm Nhân viên được hưởng 10 ngày nghỉ ốm có lương mỗi năm. Cần nộp giấy xác nhận y tế từ cơ sở y tế được công nhận trong vòng 3 ngày làm việc kể từ ngày trở lại làm việc. Nghỉ ốm quá 3 ngày liên tiếp bắt buộc phải có giấy xác nhận của bác sĩ. ## Thời gian"", ""# Chính sách Tài chính và Chi phí — Sổ tay Nhân viên 2024 ## Phụ cấp đi lại Nhân viên sử dụng phương tiện cá nhân cho công việc được hoàn trả 3.500 VNĐ/km. Xe taxi hoặc xe công nghệ được hoàn trả theo hóa đơn thực tế khi có lý do hợp lý. Đi lại bằng máy bay trong nước: hạng phổ thông được phê duyệt cho chuyến đi dưới 2 giờ bay. Đặt vé phải thực hiện tối thiểu 5 ngày làm việc trước ngày khởi hành để tiết kiệm chi phí. ## Chi phí Công tác Nhân viên đi công tác được thanh toán phụ cấp ăn uống theo khu vực: - Hà Nội và TP. HCM: 350.000 VNĐ/ngày - Các tỉnh thành khác: 250.000 VNĐ/ngày - Nước ngoài: theo quy định riêng từng quốc gia Chi phí lưu trú được hoàn trả theo hóa đơn thực tế, tối đa 1.500.000 VNĐ/đêm tại Hà Nội và TP. HCM. ## Quy trình Hoàn trả Chi phí Tất cả chi phí phải được nộp trong vòng 30 ngày kể từ ngày phát sinh. Hóa đơn VAT hoặc chứng từ hợp lệ là bắt buộc cho mọi khoản chi ph"", ""phí Tất cả chi phí phải được nộp trong vòng 30 ngày kể từ ngày phát sinh. Hóa đơn VAT hoặc chứng từ hợp lệ là bắt buộc cho mọi khoản chi phí trên 200.000 VNĐ. Chi phí dưới 500.000 VNĐ: quản lý trực tiếp phê duyệt. Chi phí từ 500.000 VNĐ đến 5.000.000 VNĐ: Trưởng phòng phê duyệt. Chi phí trên 5.000.000 VNĐ: Giám đốc bộ phận phê duyệt. ## Thưởng và Phúc lợi Thưởng tháng 13 được chi trả vào cuối tháng 12 dựa trên kết quả đánh giá hiệu suất và tình hình kinh doanh của công ty. Nhân viên phải làm việc đủ 6 tháng trong năm mới đủ điều kiện nhận thưởng. Thưởng Tết Nguyên Đán được chi trả trước kỳ nghỉ Tết ít nhất 3 ngày làm việc. Mức thưởng từ 0,5 đến 3 tháng lương tùy theo hiệu suất và đóng góp. ## Chính sách Đào tạo Công ty hỗ trợ chi phí đào tạo và phát triển kỹ năng tối đa 10.000.000 VNĐ/nhân viên/năm. Nhân viên phải cam kết làm việc tối thiểu 1 năm sau khi được hỗ trợ đào tạo có giá trị t""]"
"Trong tai lieu sample_02.md, noi dung chinh cua doan nay la gi?",Thông tin không được tìm thấy.,Không được sử dụng VPN cá nhân trên thiết bị của công ty khi truy cập hệ thống nội bộ.,simple,0.0,0.0,0.9999999999,1.0,"[""ức WireGuard với mã hóa AES-256. Kết nối VPN được cho phép tối đa 8 giờ liên tục, sau đó cần đăng nhập lại. Không được sử dụng VPN cá nhân trên thiết bị của công ty khi truy cập hệ thống nội bộ. ## Email và Liên lạc Email công ty chỉ được sử dụng cho mục đích công việc. Không được chuyển tiếp email nội bộ ra các địa chỉ email cá nhân. Dung lượng hộp thư tối đa là 25 GB. Tập tin đính kèm lớn hơn 25 MB phải được chia sẻ qua hệ thống lưu trữ đám mây nội bộ. ## Sao lưu Dữ liệu Dữ liệu công việc phải được lưu trên ổ đĩa mạng hoặc hệ thống đám mây được phê duyệt. Hệ thống tự động sao lưu dữ liệu hàng ngày lúc 2 giờ sáng. Nhân viên có trách nhiệm đảm bảo dữ liệu quan trọng được lưu đúng vị trí trước khi kết thúc ngày làm việc. ## Bảo mật Thông tin Thông tin khách hàng và dữ liệu kinh doanh bảo mật không được chia sẻ ra bên ngoài mà không có sự cho phép của quản lý cấp cao. Vi phạm bảo mật dữ li"", ""# Chính sách Nhân sự — Sổ tay Nhân viên 2024 ## Nghỉ phép năm Nhân viên chính thức được nghỉ phép năm 12 ngày làm việc mỗi năm. Số ngày nghỉ phép tăng thêm 1 ngày cho mỗi 5 năm thâm niên công tác, tối đa 20 ngày. Ngày nghỉ phép không sử dụng hết trong năm có thể chuyển sang năm tiếp theo, nhưng không quá 5 ngày. Nhân viên phải nộp đơn xin nghỉ phép trước ít nhất 3 ngày làm việc. ## Nghỉ phép không lương Nhân viên có thể xin nghỉ phép không lương tối đa 30 ngày mỗi năm. Đơn xin nghỉ phải được Giám đốc bộ phận phê duyệt bằng văn bản trước khi nghỉ. Nghỉ phép không lương quá 10 ngày liên tiếp phải được Giám đốc Điều hành phê duyệt. ## Nghỉ ốm Nhân viên được hưởng 10 ngày nghỉ ốm có lương mỗi năm. Cần nộp giấy xác nhận y tế từ cơ sở y tế được công nhận trong vòng 3 ngày làm việc kể từ ngày trở lại làm việc. Nghỉ ốm quá 3 ngày liên tiếp bắt buộc phải có giấy xác nhận của bác sĩ. ## Thời gian"", ""# Chính sách Tài chính và Chi phí — Sổ tay Nhân viên 2024 ## Phụ cấp đi lại Nhân viên sử dụng phương tiện cá nhân cho công việc được hoàn trả 3.500 VNĐ/km. Xe taxi hoặc xe công nghệ được hoàn trả theo hóa đơn thực tế khi có lý do hợp lý. Đi lại bằng máy bay trong nước: hạng phổ thông được phê duyệt cho chuyến đi dưới 2 giờ bay. Đặt vé phải thực hiện tối thiểu 5 ngày làm việc trước ngày khởi hành để tiết kiệm chi phí. ## Chi phí Công tác Nhân viên đi công tác được thanh toán phụ cấp ăn uống theo khu vực: - Hà Nội và TP. HCM: 350.000 VNĐ/ngày - Các tỉnh thành khác: 250.000 VNĐ/ngày - Nước ngoài: theo quy định riêng từng quốc gia Chi phí lưu trú được hoàn trả theo hóa đơn thực tế, tối đa 1.500.000 VNĐ/đêm tại Hà Nội và TP. HCM. ## Quy trình Hoàn trả Chi phí Tất cả chi phí phải được nộp trong vòng 30 ngày kể từ ngày phát sinh. Hóa đơn VAT hoặc chứng từ hợp lệ là bắt buộc cho mọi khoản chi ph"", ""phí Tất cả chi phí phải được nộp trong vòng 30 ngày kể từ ngày phát sinh. Hóa đơn VAT hoặc chứng từ hợp lệ là bắt buộc cho mọi khoản chi phí trên 200.000 VNĐ. Chi phí dưới 500.000 VNĐ: quản lý trực tiếp phê duyệt. Chi phí từ 500.000 VNĐ đến 5.000.000 VNĐ: Trưởng phòng phê duyệt. Chi phí trên 5.000.000 VNĐ: Giám đốc bộ phận phê duyệt. ## Thưởng và Phúc lợi Thưởng tháng 13 được chi trả vào cuối tháng 12 dựa trên kết quả đánh giá hiệu suất và tình hình kinh doanh của công ty. Nhân viên phải làm việc đủ 6 tháng trong năm mới đủ điều kiện nhận thưởng. Thưởng Tết Nguyên Đán được chi trả trước kỳ nghỉ Tết ít nhất 3 ngày làm việc. Mức thưởng từ 0,5 đến 3 tháng lương tùy theo hiệu suất và đóng góp. ## Chính sách Đào tạo Công ty hỗ trợ chi phí đào tạo và phát triển kỹ năng tối đa 10.000.000 VNĐ/nhân viên/năm. Nhân viên phải cam kết làm việc tối thiểu 1 năm sau khi được hỗ trợ đào tạo có giá trị t""]"
"Trong tai lieu sample_02.md, noi dung chinh cua doan nay la gi?",Thông tin không được tìm thấy.,khách hàng và dữ liệu kinh doanh bảo mật không được chia sẻ ra bên ngoài mà không có sự cho phép của quản lý cấp cao.,simple,0.0,0.0,0.9999999999,1.0,"[""ức WireGuard với mã hóa AES-256. Kết nối VPN được cho phép tối đa 8 giờ liên tục, sau đó cần đăng nhập lại. Không được sử dụng VPN cá nhân trên thiết bị của công ty khi truy cập hệ thống nội bộ. ## Email và Liên lạc Email công ty chỉ được sử dụng cho mục đích công việc. Không được chuyển tiếp email nội bộ ra các địa chỉ email cá nhân. Dung lượng hộp thư tối đa là 25 GB. Tập tin đính kèm lớn hơn 25 MB phải được chia sẻ qua hệ thống lưu trữ đám mây nội bộ. ## Sao lưu Dữ liệu Dữ liệu công việc phải được lưu trên ổ đĩa mạng hoặc hệ thống đám mây được phê duyệt. Hệ thống tự động sao lưu dữ liệu hàng ngày lúc 2 giờ sáng. Nhân viên có trách nhiệm đảm bảo dữ liệu quan trọng được lưu đúng vị trí trước khi kết thúc ngày làm việc. ## Bảo mật Thông tin Thông tin khách hàng và dữ liệu kinh doanh bảo mật không được chia sẻ ra bên ngoài mà không có sự cho phép của quản lý cấp cao. Vi phạm bảo mật dữ li"", ""# Chính sách Nhân sự — Sổ tay Nhân viên 2024 ## Nghỉ phép năm Nhân viên chính thức được nghỉ phép năm 12 ngày làm việc mỗi năm. Số ngày nghỉ phép tăng thêm 1 ngày cho mỗi 5 năm thâm niên công tác, tối đa 20 ngày. Ngày nghỉ phép không sử dụng hết trong năm có thể chuyển sang năm tiếp theo, nhưng không quá 5 ngày. Nhân viên phải nộp đơn xin nghỉ phép trước ít nhất 3 ngày làm việc. ## Nghỉ phép không lương Nhân viên có thể xin nghỉ phép không lương tối đa 30 ngày mỗi năm. Đơn xin nghỉ phải được Giám đốc bộ phận phê duyệt bằng văn bản trước khi nghỉ. Nghỉ phép không lương quá 10 ngày liên tiếp phải được Giám đốc Điều hành phê duyệt. ## Nghỉ ốm Nhân viên được hưởng 10 ngày nghỉ ốm có lương mỗi năm. Cần nộp giấy xác nhận y tế từ cơ sở y tế được công nhận trong vòng 3 ngày làm việc kể từ ngày trở lại làm việc. Nghỉ ốm quá 3 ngày liên tiếp bắt buộc phải có giấy xác nhận của bác sĩ. ## Thời gian"", ""# Chính sách Tài chính và Chi phí — Sổ tay Nhân viên 2024 ## Phụ cấp đi lại Nhân viên sử dụng phương tiện cá nhân cho công việc được hoàn trả 3.500 VNĐ/km. Xe taxi hoặc xe công nghệ được hoàn trả theo hóa đơn thực tế khi có lý do hợp lý. Đi lại bằng máy bay trong nước: hạng phổ thông được phê duyệt cho chuyến đi dưới 2 giờ bay. Đặt vé phải thực hiện tối thiểu 5 ngày làm việc trước ngày khởi hành để tiết kiệm chi phí. ## Chi phí Công tác Nhân viên đi công tác được thanh toán phụ cấp ăn uống theo khu vực: - Hà Nội và TP. HCM: 350.000 VNĐ/ngày - Các tỉnh thành khác: 250.000 VNĐ/ngày - Nước ngoài: theo quy định riêng từng quốc gia Chi phí lưu trú được hoàn trả theo hóa đơn thực tế, tối đa 1.500.000 VNĐ/đêm tại Hà Nội và TP. HCM. ## Quy trình Hoàn trả Chi phí Tất cả chi phí phải được nộp trong vòng 30 ngày kể từ ngày phát sinh. Hóa đơn VAT hoặc chứng từ hợp lệ là bắt buộc cho mọi khoản chi ph"", ""phí Tất cả chi phí phải được nộp trong vòng 30 ngày kể từ ngày phát sinh. Hóa đơn VAT hoặc chứng từ hợp lệ là bắt buộc cho mọi khoản chi phí trên 200.000 VNĐ. Chi phí dưới 500.000 VNĐ: quản lý trực tiếp phê duyệt. Chi phí từ 500.000 VNĐ đến 5.000.000 VNĐ: Trưởng phòng phê duyệt. Chi phí trên 5.000.000 VNĐ: Giám đốc bộ phận phê duyệt. ## Thưởng và Phúc lợi Thưởng tháng 13 được chi trả vào cuối tháng 12 dựa trên kết quả đánh giá hiệu suất và tình hình kinh doanh của công ty. Nhân viên phải làm việc đủ 6 tháng trong năm mới đủ điều kiện nhận thưởng. Thưởng Tết Nguyên Đán được chi trả trước kỳ nghỉ Tết ít nhất 3 ngày làm việc. Mức thưởng từ 0,5 đến 3 tháng lương tùy theo hiệu suất và đóng góp. ## Chính sách Đào tạo Công ty hỗ trợ chi phí đào tạo và phát triển kỹ năng tối đa 10.000.000 VNĐ/nhân viên/năm. Nhân viên phải cam kết làm việc tối thiểu 1 năm sau khi được hỗ trợ đào tạo có giá trị t""]"
"Trong tai lieu sample_03.md, noi dung chinh cua doan nay la gi?",Thông tin không được tìm thấy.,# Chính sách Tài chính và Chi phí — Sổ tay Nhân viên 2024 ## Phụ cấp đi lại Nhân viên sử dụng phương tiện cá nhân cho công việc được hoàn trả 3.500 VNĐ/km.,simple,0.0,0.0,0.3333333333,1.0,"[""ức WireGuard với mã hóa AES-256. Kết nối VPN được cho phép tối đa 8 giờ liên tục, sau đó cần đăng nhập lại. Không được sử dụng VPN cá nhân trên thiết bị của công ty khi truy cập hệ thống nội bộ. ## Email và Liên lạc Email công ty chỉ được sử dụng cho mục đích công việc. Không được chuyển tiếp email nội bộ ra các địa chỉ email cá nhân. Dung lượng hộp thư tối đa là 25 GB. Tập tin đính kèm lớn hơn 25 MB phải được chia sẻ qua hệ thống lưu trữ đám mây nội bộ. ## Sao lưu Dữ liệu Dữ liệu công việc phải được lưu trên ổ đĩa mạng hoặc hệ thống đám mây được phê duyệt. Hệ thống tự động sao lưu dữ liệu hàng ngày lúc 2 giờ sáng. Nhân viên có trách nhiệm đảm bảo dữ liệu quan trọng được lưu đúng vị trí trước khi kết thúc ngày làm việc. ## Bảo mật Thông tin Thông tin khách hàng và dữ liệu kinh doanh bảo mật không được chia sẻ ra bên ngoài mà không có sự cho phép của quản lý cấp cao. Vi phạm bảo mật dữ li"", ""# Chính sách Nhân sự — Sổ tay Nhân viên 2024 ## Nghỉ phép năm Nhân viên chính thức được nghỉ phép năm 12 ngày làm việc mỗi năm. Số ngày nghỉ phép tăng thêm 1 ngày cho mỗi 5 năm thâm niên công tác, tối đa 20 ngày. Ngày nghỉ phép không sử dụng hết trong năm có thể chuyển sang năm tiếp theo, nhưng không quá 5 ngày. Nhân viên phải nộp đơn xin nghỉ phép trước ít nhất 3 ngày làm việc. ## Nghỉ phép không lương Nhân viên có thể xin nghỉ phép không lương tối đa 30 ngày mỗi năm. Đơn xin nghỉ phải được Giám đốc bộ phận phê duyệt bằng văn bản trước khi nghỉ. Nghỉ phép không lương quá 10 ngày liên tiếp phải được Giám đốc Điều hành phê duyệt. ## Nghỉ ốm Nhân viên được hưởng 10 ngày nghỉ ốm có lương mỗi năm. Cần nộp giấy xác nhận y tế từ cơ sở y tế được công nhận trong vòng 3 ngày làm việc kể từ ngày trở lại làm việc. Nghỉ ốm quá 3 ngày liên tiếp bắt buộc phải có giấy xác nhận của bác sĩ. ## Thời gian"", ""# Chính sách Tài chính và Chi phí — Sổ tay Nhân viên 2024 ## Phụ cấp đi lại Nhân viên sử dụng phương tiện cá nhân cho công việc được hoàn trả 3.500 VNĐ/km. Xe taxi hoặc xe công nghệ được hoàn trả theo hóa đơn thực tế khi có lý do hợp lý. Đi lại bằng máy bay trong nước: hạng phổ thông được phê duyệt cho chuyến đi dưới 2 giờ bay. Đặt vé phải thực hiện tối thiểu 5 ngày làm việc trước ngày khởi hành để tiết kiệm chi phí. ## Chi phí Công tác Nhân viên đi công tác được thanh toán phụ cấp ăn uống theo khu vực: - Hà Nội và TP. HCM: 350.000 VNĐ/ngày - Các tỉnh thành khác: 250.000 VNĐ/ngày - Nước ngoài: theo quy định riêng từng quốc gia Chi phí lưu trú được hoàn trả theo hóa đơn thực tế, tối đa 1.500.000 VNĐ/đêm tại Hà Nội và TP. HCM. ## Quy trình Hoàn trả Chi phí Tất cả chi phí phải được nộp trong vòng 30 ngày kể từ ngày phát sinh. Hóa đơn VAT hoặc chứng từ hợp lệ là bắt buộc cho mọi khoản chi ph"", ""phí Tất cả chi phí phải được nộp trong vòng 30 ngày kể từ ngày phát sinh. Hóa đơn VAT hoặc chứng từ hợp lệ là bắt buộc cho mọi khoản chi phí trên 200.000 VNĐ. Chi phí dưới 500.000 VNĐ: quản lý trực tiếp phê duyệt. Chi phí từ 500.000 VNĐ đến 5.000.000 VNĐ: Trưởng phòng phê duyệt. Chi phí trên 5.000.000 VNĐ: Giám đốc bộ phận phê duyệt. ## Thưởng và Phúc lợi Thưởng tháng 13 được chi trả vào cuối tháng 12 dựa trên kết quả đánh giá hiệu suất và tình hình kinh doanh của công ty. Nhân viên phải làm việc đủ 6 tháng trong năm mới đủ điều kiện nhận thưởng. Thưởng Tết Nguyên Đán được chi trả trước kỳ nghỉ Tết ít nhất 3 ngày làm việc. Mức thưởng từ 0,5 đến 3 tháng lương tùy theo hiệu suất và đóng góp. ## Chính sách Đào tạo Công ty hỗ trợ chi phí đào tạo và phát triển kỹ năng tối đa 10.000.000 VNĐ/nhân viên/năm. Nhân viên phải cam kết làm việc tối thiểu 1 năm sau khi được hỗ trợ đào tạo có giá trị t""]"
"Trong tai lieu sample_03.md, noi dung chinh cua doan nay la gi?",Thông tin không được tìm thấy.,Hóa đơn VAT hoặc chứng từ hợp lệ là bắt buộc cho mọi khoản chi phí trên 200.000 VNĐ.,simple,0.0,0.0,0.249999999975,1.0,"[""ức WireGuard với mã hóa AES-256. Kết nối VPN được cho phép tối đa 8 giờ liên tục, sau đó cần đăng nhập lại. Không được sử dụng VPN cá nhân trên thiết bị của công ty khi truy cập hệ thống nội bộ. ## Email và Liên lạc Email công ty chỉ được sử dụng cho mục đích công việc. Không được chuyển tiếp email nội bộ ra các địa chỉ email cá nhân. Dung lượng hộp thư tối đa là 25 GB. Tập tin đính kèm lớn hơn 25 MB phải được chia sẻ qua hệ thống lưu trữ đám mây nội bộ. ## Sao lưu Dữ liệu Dữ liệu công việc phải được lưu trên ổ đĩa mạng hoặc hệ thống đám mây được phê duyệt. Hệ thống tự động sao lưu dữ liệu hàng ngày lúc 2 giờ sáng. Nhân viên có trách nhiệm đảm bảo dữ liệu quan trọng được lưu đúng vị trí trước khi kết thúc ngày làm việc. ## Bảo mật Thông tin Thông tin khách hàng và dữ liệu kinh doanh bảo mật không được chia sẻ ra bên ngoài mà không có sự cho phép của quản lý cấp cao. Vi phạm bảo mật dữ li"", ""# Chính sách Nhân sự — Sổ tay Nhân viên 2024 ## Nghỉ phép năm Nhân viên chính thức được nghỉ phép năm 12 ngày làm việc mỗi năm. Số ngày nghỉ phép tăng thêm 1 ngày cho mỗi 5 năm thâm niên công tác, tối đa 20 ngày. Ngày nghỉ phép không sử dụng hết trong năm có thể chuyển sang năm tiếp theo, nhưng không quá 5 ngày. Nhân viên phải nộp đơn xin nghỉ phép trước ít nhất 3 ngày làm việc. ## Nghỉ phép không lương Nhân viên có thể xin nghỉ phép không lương tối đa 30 ngày mỗi năm. Đơn xin nghỉ phải được Giám đốc bộ phận phê duyệt bằng văn bản trước khi nghỉ. Nghỉ phép không lương quá 10 ngày liên tiếp phải được Giám đốc Điều hành phê duyệt. ## Nghỉ ốm Nhân viên được hưởng 10 ngày nghỉ ốm có lương mỗi năm. Cần nộp giấy xác nhận y tế từ cơ sở y tế được công nhận trong vòng 3 ngày làm việc kể từ ngày trở lại làm việc. Nghỉ ốm quá 3 ngày liên tiếp bắt buộc phải có giấy xác nhận của bác sĩ. ## Thời gian"", ""# Chính sách Tài chính và Chi phí — Sổ tay Nhân viên 2024 ## Phụ cấp đi lại Nhân viên sử dụng phương tiện cá nhân cho công việc được hoàn trả 3.500 VNĐ/km. Xe taxi hoặc xe công nghệ được hoàn trả theo hóa đơn thực tế khi có lý do hợp lý. Đi lại bằng máy bay trong nước: hạng phổ thông được phê duyệt cho chuyến đi dưới 2 giờ bay. Đặt vé phải thực hiện tối thiểu 5 ngày làm việc trước ngày khởi hành để tiết kiệm chi phí. ## Chi phí Công tác Nhân viên đi công tác được thanh toán phụ cấp ăn uống theo khu vực: - Hà Nội và TP. HCM: 350.000 VNĐ/ngày - Các tỉnh thành khác: 250.000 VNĐ/ngày - Nước ngoài: theo quy định riêng từng quốc gia Chi phí lưu trú được hoàn trả theo hóa đơn thực tế, tối đa 1.500.000 VNĐ/đêm tại Hà Nội và TP. HCM. ## Quy trình Hoàn trả Chi phí Tất cả chi phí phải được nộp trong vòng 30 ngày kể từ ngày phát sinh. Hóa đơn VAT hoặc chứng từ hợp lệ là bắt buộc cho mọi khoản chi ph"", ""phí Tất cả chi phí phải được nộp trong vòng 30 ngày kể từ ngày phát sinh. Hóa đơn VAT hoặc chứng từ hợp lệ là bắt buộc cho mọi khoản chi phí trên 200.000 VNĐ. Chi phí dưới 500.000 VNĐ: quản lý trực tiếp phê duyệt. Chi phí từ 500.000 VNĐ đến 5.000.000 VNĐ: Trưởng phòng phê duyệt. Chi phí trên 5.000.000 VNĐ: Giám đốc bộ phận phê duyệt. ## Thưởng và Phúc lợi Thưởng tháng 13 được chi trả vào cuối tháng 12 dựa trên kết quả đánh giá hiệu suất và tình hình kinh doanh của công ty. Nhân viên phải làm việc đủ 6 tháng trong năm mới đủ điều kiện nhận thưởng. Thưởng Tết Nguyên Đán được chi trả trước kỳ nghỉ Tết ít nhất 3 ngày làm việc. Mức thưởng từ 0,5 đến 3 tháng lương tùy theo hiệu suất và đóng góp. ## Chính sách Đào tạo Công ty hỗ trợ chi phí đào tạo và phát triển kỹ năng tối đa 10.000.000 VNĐ/nhân viên/năm. Nhân viên phải cam kết làm việc tối thiểu 1 năm sau khi được hỗ trợ đào tạo có giá trị t""]"
"Trong tai lieu sample_03.md, noi dung chinh cua doan nay la gi?",Thông tin không được tìm thấy.,Nhân viên phải cam kết làm việc tối thiểu 1 năm sau khi được hỗ trợ đào tạo có giá trị trên 5.000.000 VNĐ.,simple,0.0,0.0,0.249999999975,1.0,"[""ức WireGuard với mã hóa AES-256. Kết nối VPN được cho phép tối đa 8 giờ liên tục, sau đó cần đăng nhập lại. Không được sử dụng VPN cá nhân trên thiết bị của công ty khi truy cập hệ thống nội bộ. ## Email và Liên lạc Email công ty chỉ được sử dụng cho mục đích công việc. Không được chuyển tiếp email nội bộ ra các địa chỉ email cá nhân. Dung lượng hộp thư tối đa là 25 GB. Tập tin đính kèm lớn hơn 25 MB phải được chia sẻ qua hệ thống lưu trữ đám mây nội bộ. ## Sao lưu Dữ liệu Dữ liệu công việc phải được lưu trên ổ đĩa mạng hoặc hệ thống đám mây được phê duyệt. Hệ thống tự động sao lưu dữ liệu hàng ngày lúc 2 giờ sáng. Nhân viên có trách nhiệm đảm bảo dữ liệu quan trọng được lưu đúng vị trí trước khi kết thúc ngày làm việc. ## Bảo mật Thông tin Thông tin khách hàng và dữ liệu kinh doanh bảo mật không được chia sẻ ra bên ngoài mà không có sự cho phép của quản lý cấp cao. Vi phạm bảo mật dữ li"", ""# Chính sách Nhân sự — Sổ tay Nhân viên 2024 ## Nghỉ phép năm Nhân viên chính thức được nghỉ phép năm 12 ngày làm việc mỗi năm. Số ngày nghỉ phép tăng thêm 1 ngày cho mỗi 5 năm thâm niên công tác, tối đa 20 ngày. Ngày nghỉ phép không sử dụng hết trong năm có thể chuyển sang năm tiếp theo, nhưng không quá 5 ngày. Nhân viên phải nộp đơn xin nghỉ phép trước ít nhất 3 ngày làm việc. ## Nghỉ phép không lương Nhân viên có thể xin nghỉ phép không lương tối đa 30 ngày mỗi năm. Đơn xin nghỉ phải được Giám đốc bộ phận phê duyệt bằng văn bản trước khi nghỉ. Nghỉ phép không lương quá 10 ngày liên tiếp phải được Giám đốc Điều hành phê duyệt. ## Nghỉ ốm Nhân viên được hưởng 10 ngày nghỉ ốm có lương mỗi năm. Cần nộp giấy xác nhận y tế từ cơ sở y tế được công nhận trong vòng 3 ngày làm việc kể từ ngày trở lại làm việc. Nghỉ ốm quá 3 ngày liên tiếp bắt buộc phải có giấy xác nhận của bác sĩ. ## Thời gian"", ""# Chính sách Tài chính và Chi phí — Sổ tay Nhân viên 2024 ## Phụ cấp đi lại Nhân viên sử dụng phương tiện cá nhân cho công việc được hoàn trả 3.500 VNĐ/km. Xe taxi hoặc xe công nghệ được hoàn trả theo hóa đơn thực tế khi có lý do hợp lý. Đi lại bằng máy bay trong nước: hạng phổ thông được phê duyệt cho chuyến đi dưới 2 giờ bay. Đặt vé phải thực hiện tối thiểu 5 ngày làm việc trước ngày khởi hành để tiết kiệm chi phí. ## Chi phí Công tác Nhân viên đi công tác được thanh toán phụ cấp ăn uống theo khu vực: - Hà Nội và TP. HCM: 350.000 VNĐ/ngày - Các tỉnh thành khác: 250.000 VNĐ/ngày - Nước ngoài: theo quy định riêng từng quốc gia Chi phí lưu trú được hoàn trả theo hóa đơn thực tế, tối đa 1.500.000 VNĐ/đêm tại Hà Nội và TP. HCM. ## Quy trình Hoàn trả Chi phí Tất cả chi phí phải được nộp trong vòng 30 ngày kể từ ngày phát sinh. Hóa đơn VAT hoặc chứng từ hợp lệ là bắt buộc cho mọi khoản chi ph"", ""phí Tất cả chi phí phải được nộp trong vòng 30 ngày kể từ ngày phát sinh. Hóa đơn VAT hoặc chứng từ hợp lệ là bắt buộc cho mọi khoản chi phí trên 200.000 VNĐ. Chi phí dưới 500.000 VNĐ: quản lý trực tiếp phê duyệt. Chi phí từ 500.000 VNĐ đến 5.000.000 VNĐ: Trưởng phòng phê duyệt. Chi phí trên 5.000.000 VNĐ: Giám đốc bộ phận phê duyệt. ## Thưởng và Phúc lợi Thưởng tháng 13 được chi trả vào cuối tháng 12 dựa trên kết quả đánh giá hiệu suất và tình hình kinh doanh của công ty. Nhân viên phải làm việc đủ 6 tháng trong năm mới đủ điều kiện nhận thưởng. Thưởng Tết Nguyên Đán được chi trả trước kỳ nghỉ Tết ít nhất 3 ngày làm việc. Mức thưởng từ 0,5 đến 3 tháng lương tùy theo hiệu suất và đóng góp. ## Chính sách Đào tạo Công ty hỗ trợ chi phí đào tạo và phát triển kỹ năng tối đa 10.000.000 VNĐ/nhân viên/năm. Nhân viên phải cam kết làm việc tối thiểu 1 năm sau khi được hỗ trợ đào tạo có giá trị t""]"
"Trong tai lieu sample_01.md, noi dung chinh cua doan nay la gi?",Thông tin không được tìm thấy.,# Chính sách Nhân sự — Sổ tay Nhân viên 2024 ## Nghỉ phép năm Nhân viên chính thức được nghỉ phép năm 12 ngày làm việc mỗi năm.,simple,0.0,0.0,0.49999999995,1.0,"[""ức WireGuard với mã hóa AES-256. Kết nối VPN được cho phép tối đa 8 giờ liên tục, sau đó cần đăng nhập lại. Không được sử dụng VPN cá nhân trên thiết bị của công ty khi truy cập hệ thống nội bộ. ## Email và Liên lạc Email công ty chỉ được sử dụng cho mục đích công việc. Không được chuyển tiếp email nội bộ ra các địa chỉ email cá nhân. Dung lượng hộp thư tối đa là 25 GB. Tập tin đính kèm lớn hơn 25 MB phải được chia sẻ qua hệ thống lưu trữ đám mây nội bộ. ## Sao lưu Dữ liệu Dữ liệu công việc phải được lưu trên ổ đĩa mạng hoặc hệ thống đám mây được phê duyệt. Hệ thống tự động sao lưu dữ liệu hàng ngày lúc 2 giờ sáng. Nhân viên có trách nhiệm đảm bảo dữ liệu quan trọng được lưu đúng vị trí trước khi kết thúc ngày làm việc. ## Bảo mật Thông tin Thông tin khách hàng và dữ liệu kinh doanh bảo mật không được chia sẻ ra bên ngoài mà không có sự cho phép của quản lý cấp cao. Vi phạm bảo mật dữ li"", ""# Chính sách Nhân sự — Sổ tay Nhân viên 2024 ## Nghỉ phép năm Nhân viên chính thức được nghỉ phép năm 12 ngày làm việc mỗi năm. Số ngày nghỉ phép tăng thêm 1 ngày cho mỗi 5 năm thâm niên công tác, tối đa 20 ngày. Ngày nghỉ phép không sử dụng hết trong năm có thể chuyển sang năm tiếp theo, nhưng không quá 5 ngày. Nhân viên phải nộp đơn xin nghỉ phép trước ít nhất 3 ngày làm việc. ## Nghỉ phép không lương Nhân viên có thể xin nghỉ phép không lương tối đa 30 ngày mỗi năm. Đơn xin nghỉ phải được Giám đốc bộ phận phê duyệt bằng văn bản trước khi nghỉ. Nghỉ phép không lương quá 10 ngày liên tiếp phải được Giám đốc Điều hành phê duyệt. ## Nghỉ ốm Nhân viên được hưởng 10 ngày nghỉ ốm có lương mỗi năm. Cần nộp giấy xác nhận y tế từ cơ sở y tế được công nhận trong vòng 3 ngày làm việc kể từ ngày trở lại làm việc. Nghỉ ốm quá 3 ngày liên tiếp bắt buộc phải có giấy xác nhận của bác sĩ. ## Thời gian"", ""# Chính sách Tài chính và Chi phí — Sổ tay Nhân viên 2024 ## Phụ cấp đi lại Nhân viên sử dụng phương tiện cá nhân cho công việc được hoàn trả 3.500 VNĐ/km. Xe taxi hoặc xe công nghệ được hoàn trả theo hóa đơn thực tế khi có lý do hợp lý. Đi lại bằng máy bay trong nước: hạng phổ thông được phê duyệt cho chuyến đi dưới 2 giờ bay. Đặt vé phải thực hiện tối thiểu 5 ngày làm việc trước ngày khởi hành để tiết kiệm chi phí. ## Chi phí Công tác Nhân viên đi công tác được thanh toán phụ cấp ăn uống theo khu vực: - Hà Nội và TP. HCM: 350.000 VNĐ/ngày - Các tỉnh thành khác: 250.000 VNĐ/ngày - Nước ngoài: theo quy định riêng từng quốc gia Chi phí lưu trú được hoàn trả theo hóa đơn thực tế, tối đa 1.500.000 VNĐ/đêm tại Hà Nội và TP. HCM. ## Quy trình Hoàn trả Chi phí Tất cả chi phí phải được nộp trong vòng 30 ngày kể từ ngày phát sinh. Hóa đơn VAT hoặc chứng từ hợp lệ là bắt buộc cho mọi khoản chi ph"", ""phí Tất cả chi phí phải được nộp trong vòng 30 ngày kể từ ngày phát sinh. Hóa đơn VAT hoặc chứng từ hợp lệ là bắt buộc cho mọi khoản chi phí trên 200.000 VNĐ. Chi phí dưới 500.000 VNĐ: quản lý trực tiếp phê duyệt. Chi phí từ 500.000 VNĐ đến 5.000.000 VNĐ: Trưởng phòng phê duyệt. Chi phí trên 5.000.000 VNĐ: Giám đốc bộ phận phê duyệt. ## Thưởng và Phúc lợi Thưởng tháng 13 được chi trả vào cuối tháng 12 dựa trên kết quả đánh giá hiệu suất và tình hình kinh doanh của công ty. Nhân viên phải làm việc đủ 6 tháng trong năm mới đủ điều kiện nhận thưởng. Thưởng Tết Nguyên Đán được chi trả trước kỳ nghỉ Tết ít nhất 3 ngày làm việc. Mức thưởng từ 0,5 đến 3 tháng lương tùy theo hiệu suất và đóng góp. ## Chính sách Đào tạo Công ty hỗ trợ chi phí đào tạo và phát triển kỹ năng tối đa 10.000.000 VNĐ/nhân viên/năm. Nhân viên phải cam kết làm việc tối thiểu 1 năm sau khi được hỗ trợ đào tạo có giá trị t""]"
"Trong tai lieu sample_01.md, noi dung chinh cua doan nay la gi?",Thông tin không được tìm thấy.,## Thời gian thử việc Thời gian thử việc là 60 ngày đối với nhân viên bậc cao và 30 ngày đối với nhân viên thông thường.,simple,0.0,0.0,0.0,0.0,"[""ức WireGuard với mã hóa AES-256. Kết nối VPN được cho phép tối đa 8 giờ liên tục, sau đó cần đăng nhập lại. Không được sử dụng VPN cá nhân trên thiết bị của công ty khi truy cập hệ thống nội bộ. ## Email và Liên lạc Email công ty chỉ được sử dụng cho mục đích công việc. Không được chuyển tiếp email nội bộ ra các địa chỉ email cá nhân. Dung lượng hộp thư tối đa là 25 GB. Tập tin đính kèm lớn hơn 25 MB phải được chia sẻ qua hệ thống lưu trữ đám mây nội bộ. ## Sao lưu Dữ liệu Dữ liệu công việc phải được lưu trên ổ đĩa mạng hoặc hệ thống đám mây được phê duyệt. Hệ thống tự động sao lưu dữ liệu hàng ngày lúc 2 giờ sáng. Nhân viên có trách nhiệm đảm bảo dữ liệu quan trọng được lưu đúng vị trí trước khi kết thúc ngày làm việc. ## Bảo mật Thông tin Thông tin khách hàng và dữ liệu kinh doanh bảo mật không được chia sẻ ra bên ngoài mà không có sự cho phép của quản lý cấp cao. Vi phạm bảo mật dữ li"", ""# Chính sách Nhân sự — Sổ tay Nhân viên 2024 ## Nghỉ phép năm Nhân viên chính thức được nghỉ phép năm 12 ngày làm việc mỗi năm. Số ngày nghỉ phép tăng thêm 1 ngày cho mỗi 5 năm thâm niên công tác, tối đa 20 ngày. Ngày nghỉ phép không sử dụng hết trong năm có thể chuyển sang năm tiếp theo, nhưng không quá 5 ngày. Nhân viên phải nộp đơn xin nghỉ phép trước ít nhất 3 ngày làm việc. ## Nghỉ phép không lương Nhân viên có thể xin nghỉ phép không lương tối đa 30 ngày mỗi năm. Đơn xin nghỉ phải được Giám đốc bộ phận phê duyệt bằng văn bản trước khi nghỉ. Nghỉ phép không lương quá 10 ngày liên tiếp phải được Giám đốc Điều hành phê duyệt. ## Nghỉ ốm Nhân viên được hưởng 10 ngày nghỉ ốm có lương mỗi năm. Cần nộp giấy xác nhận y tế từ cơ sở y tế được công nhận trong vòng 3 ngày làm việc kể từ ngày trở lại làm việc. Nghỉ ốm quá 3 ngày liên tiếp bắt buộc phải có giấy xác nhận của bác sĩ. ## Thời gian"", ""# Chính sách Tài chính và Chi phí — Sổ tay Nhân viên 2024 ## Phụ cấp đi lại Nhân viên sử dụng phương tiện cá nhân cho công việc được hoàn trả 3.500 VNĐ/km. Xe taxi hoặc xe công nghệ được hoàn trả theo hóa đơn thực tế khi có lý do hợp lý. Đi lại bằng máy bay trong nước: hạng phổ thông được phê duyệt cho chuyến đi dưới 2 giờ bay. Đặt vé phải thực hiện tối thiểu 5 ngày làm việc trước ngày khởi hành để tiết kiệm chi phí. ## Chi phí Công tác Nhân viên đi công tác được thanh toán phụ cấp ăn uống theo khu vực: - Hà Nội và TP. HCM: 350.000 VNĐ/ngày - Các tỉnh thành khác: 250.000 VNĐ/ngày - Nước ngoài: theo quy định riêng từng quốc gia Chi phí lưu trú được hoàn trả theo hóa đơn thực tế, tối đa 1.500.000 VNĐ/đêm tại Hà Nội và TP. HCM. ## Quy trình Hoàn trả Chi phí Tất cả chi phí phải được nộp trong vòng 30 ngày kể từ ngày phát sinh. Hóa đơn VAT hoặc chứng từ hợp lệ là bắt buộc cho mọi khoản chi ph"", ""phí Tất cả chi phí phải được nộp trong vòng 30 ngày kể từ ngày phát sinh. Hóa đơn VAT hoặc chứng từ hợp lệ là bắt buộc cho mọi khoản chi phí trên 200.000 VNĐ. Chi phí dưới 500.000 VNĐ: quản lý trực tiếp phê duyệt. Chi phí từ 500.000 VNĐ đến 5.000.000 VNĐ: Trưởng phòng phê duyệt. Chi phí trên 5.000.000 VNĐ: Giám đốc bộ phận phê duyệt. ## Thưởng và Phúc lợi Thưởng tháng 13 được chi trả vào cuối tháng 12 dựa trên kết quả đánh giá hiệu suất và tình hình kinh doanh của công ty. Nhân viên phải làm việc đủ 6 tháng trong năm mới đủ điều kiện nhận thưởng. Thưởng Tết Nguyên Đán được chi trả trước kỳ nghỉ Tết ít nhất 3 ngày làm việc. Mức thưởng từ 0,5 đến 3 tháng lương tùy theo hiệu suất và đóng góp. ## Chính sách Đào tạo Công ty hỗ trợ chi phí đào tạo và phát triển kỹ năng tối đa 10.000.000 VNĐ/nhân viên/năm. Nhân viên phải cam kết làm việc tối thiểu 1 năm sau khi được hỗ trợ đào tạo có giá trị t""]"
"Trong tai lieu sample_01.md, noi dung chinh cua doan nay la gi?",Thông tin không được tìm thấy.,## Đánh giá hiệu suất Đánh giá hiệu suất được thực hiện 2 lần/năm: tháng 6 và tháng 12.,simple,0.0,0.0,0.0,0.0,"[""ức WireGuard với mã hóa AES-256. Kết nối VPN được cho phép tối đa 8 giờ liên tục, sau đó cần đăng nhập lại. Không được sử dụng VPN cá nhân trên thiết bị của công ty khi truy cập hệ thống nội bộ. ## Email và Liên lạc Email công ty chỉ được sử dụng cho mục đích công việc. Không được chuyển tiếp email nội bộ ra các địa chỉ email cá nhân. Dung lượng hộp thư tối đa là 25 GB. Tập tin đính kèm lớn hơn 25 MB phải được chia sẻ qua hệ thống lưu trữ đám mây nội bộ. ## Sao lưu Dữ liệu Dữ liệu công việc phải được lưu trên ổ đĩa mạng hoặc hệ thống đám mây được phê duyệt. Hệ thống tự động sao lưu dữ liệu hàng ngày lúc 2 giờ sáng. Nhân viên có trách nhiệm đảm bảo dữ liệu quan trọng được lưu đúng vị trí trước khi kết thúc ngày làm việc. ## Bảo mật Thông tin Thông tin khách hàng và dữ liệu kinh doanh bảo mật không được chia sẻ ra bên ngoài mà không có sự cho phép của quản lý cấp cao. Vi phạm bảo mật dữ li"", ""# Chính sách Nhân sự — Sổ tay Nhân viên 2024 ## Nghỉ phép năm Nhân viên chính thức được nghỉ phép năm 12 ngày làm việc mỗi năm. Số ngày nghỉ phép tăng thêm 1 ngày cho mỗi 5 năm thâm niên công tác, tối đa 20 ngày. Ngày nghỉ phép không sử dụng hết trong năm có thể chuyển sang năm tiếp theo, nhưng không quá 5 ngày. Nhân viên phải nộp đơn xin nghỉ phép trước ít nhất 3 ngày làm việc. ## Nghỉ phép không lương Nhân viên có thể xin nghỉ phép không lương tối đa 30 ngày mỗi năm. Đơn xin nghỉ phải được Giám đốc bộ phận phê duyệt bằng văn bản trước khi nghỉ. Nghỉ phép không lương quá 10 ngày liên tiếp phải được Giám đốc Điều hành phê duyệt. ## Nghỉ ốm Nhân viên được hưởng 10 ngày nghỉ ốm có lương mỗi năm. Cần nộp giấy xác nhận y tế từ cơ sở y tế được công nhận trong vòng 3 ngày làm việc kể từ ngày trở lại làm việc. Nghỉ ốm quá 3 ngày liên tiếp bắt buộc phải có giấy xác nhận của bác sĩ. ## Thời gian"", ""# Chính sách Tài chính và Chi phí — Sổ tay Nhân viên 2024 ## Phụ cấp đi lại Nhân viên sử dụng phương tiện cá nhân cho công việc được hoàn trả 3.500 VNĐ/km. Xe taxi hoặc xe công nghệ được hoàn trả theo hóa đơn thực tế khi có lý do hợp lý. Đi lại bằng máy bay trong nước: hạng phổ thông được phê duyệt cho chuyến đi dưới 2 giờ bay. Đặt vé phải thực hiện tối thiểu 5 ngày làm việc trước ngày khởi hành để tiết kiệm chi phí. ## Chi phí Công tác Nhân viên đi công tác được thanh toán phụ cấp ăn uống theo khu vực: - Hà Nội và TP. HCM: 350.000 VNĐ/ngày - Các tỉnh thành khác: 250.000 VNĐ/ngày - Nước ngoài: theo quy định riêng từng quốc gia Chi phí lưu trú được hoàn trả theo hóa đơn thực tế, tối đa 1.500.000 VNĐ/đêm tại Hà Nội và TP. HCM. ## Quy trình Hoàn trả Chi phí Tất cả chi phí phải được nộp trong vòng 30 ngày kể từ ngày phát sinh. Hóa đơn VAT hoặc chứng từ hợp lệ là bắt buộc cho mọi khoản chi ph"", ""phí Tất cả chi phí phải được nộp trong vòng 30 ngày kể từ ngày phát sinh. Hóa đơn VAT hoặc chứng từ hợp lệ là bắt buộc cho mọi khoản chi phí trên 200.000 VNĐ. Chi phí dưới 500.000 VNĐ: quản lý trực tiếp phê duyệt. Chi phí từ 500.000 VNĐ đến 5.000.000 VNĐ: Trưởng phòng phê duyệt. Chi phí trên 5.000.000 VNĐ: Giám đốc bộ phận phê duyệt. ## Thưởng và Phúc lợi Thưởng tháng 13 được chi trả vào cuối tháng 12 dựa trên kết quả đánh giá hiệu suất và tình hình kinh doanh của công ty. Nhân viên phải làm việc đủ 6 tháng trong năm mới đủ điều kiện nhận thưởng. Thưởng Tết Nguyên Đán được chi trả trước kỳ nghỉ Tết ít nhất 3 ngày làm việc. Mức thưởng từ 0,5 đến 3 tháng lương tùy theo hiệu suất và đóng góp. ## Chính sách Đào tạo Công ty hỗ trợ chi phí đào tạo và phát triển kỹ năng tối đa 10.000.000 VNĐ/nhân viên/năm. Nhân viên phải cam kết làm việc tối thiểu 1 năm sau khi được hỗ trợ đào tạo có giá trị t""]"
"Trong tai lieu sample_02.md, noi dung chinh cua doan nay la gi?",Thông tin không được tìm thấy.,# Chính sách Công nghệ Thông tin — Sổ tay Nhân viên 2024 ## Chính sách Mật khẩu Mật khẩu tài khoản công ty phải được thay đổi mỗi 90 ngày.,simple,0.0,0.0,0.0,0.6666666666666666,"[""ức WireGuard với mã hóa AES-256. Kết nối VPN được cho phép tối đa 8 giờ liên tục, sau đó cần đăng nhập lại. Không được sử dụng VPN cá nhân trên thiết bị của công ty khi truy cập hệ thống nội bộ. ## Email và Liên lạc Email công ty chỉ được sử dụng cho mục đích công việc. Không được chuyển tiếp email nội bộ ra các địa chỉ email cá nhân. Dung lượng hộp thư tối đa là 25 GB. Tập tin đính kèm lớn hơn 25 MB phải được chia sẻ qua hệ thống lưu trữ đám mây nội bộ. ## Sao lưu Dữ liệu Dữ liệu công việc phải được lưu trên ổ đĩa mạng hoặc hệ thống đám mây được phê duyệt. Hệ thống tự động sao lưu dữ liệu hàng ngày lúc 2 giờ sáng. Nhân viên có trách nhiệm đảm bảo dữ liệu quan trọng được lưu đúng vị trí trước khi kết thúc ngày làm việc. ## Bảo mật Thông tin Thông tin khách hàng và dữ liệu kinh doanh bảo mật không được chia sẻ ra bên ngoài mà không có sự cho phép của quản lý cấp cao. Vi phạm bảo mật dữ li"", ""# Chính sách Nhân sự — Sổ tay Nhân viên 2024 ## Nghỉ phép năm Nhân viên chính thức được nghỉ phép năm 12 ngày làm việc mỗi năm. Số ngày nghỉ phép tăng thêm 1 ngày cho mỗi 5 năm thâm niên công tác, tối đa 20 ngày. Ngày nghỉ phép không sử dụng hết trong năm có thể chuyển sang năm tiếp theo, nhưng không quá 5 ngày. Nhân viên phải nộp đơn xin nghỉ phép trước ít nhất 3 ngày làm việc. ## Nghỉ phép không lương Nhân viên có thể xin nghỉ phép không lương tối đa 30 ngày mỗi năm. Đơn xin nghỉ phải được Giám đốc bộ phận phê duyệt bằng văn bản trước khi nghỉ. Nghỉ phép không lương quá 10 ngày liên tiếp phải được Giám đốc Điều hành phê duyệt. ## Nghỉ ốm Nhân viên được hưởng 10 ngày nghỉ ốm có lương mỗi năm. Cần nộp giấy xác nhận y tế từ cơ sở y tế được công nhận trong vòng 3 ngày làm việc kể từ ngày trở lại làm việc. Nghỉ ốm quá 3 ngày liên tiếp bắt buộc phải có giấy xác nhận của bác sĩ. ## Thời gian"", ""# Chính sách Tài chính và Chi phí — Sổ tay Nhân viên 2024 ## Phụ cấp đi lại Nhân viên sử dụng phương tiện cá nhân cho công việc được hoàn trả 3.500 VNĐ/km. Xe taxi hoặc xe công nghệ được hoàn trả theo hóa đơn thực tế khi có lý do hợp lý. Đi lại bằng máy bay trong nước: hạng phổ thông được phê duyệt cho chuyến đi dưới 2 giờ bay. Đặt vé phải thực hiện tối thiểu 5 ngày làm việc trước ngày khởi hành để tiết kiệm chi phí. ## Chi phí Công tác Nhân viên đi công tác được thanh toán phụ cấp ăn uống theo khu vực: - Hà Nội và TP. HCM: 350.000 VNĐ/ngày - Các tỉnh thành khác: 250.000 VNĐ/ngày - Nước ngoài: theo quy định riêng từng quốc gia Chi phí lưu trú được hoàn trả theo hóa đơn thực tế, tối đa 1.500.000 VNĐ/đêm tại Hà Nội và TP. HCM. ## Quy trình Hoàn trả Chi phí Tất cả chi phí phải được nộp trong vòng 30 ngày kể từ ngày phát sinh. Hóa đơn VAT hoặc chứng từ hợp lệ là bắt buộc cho mọi khoản chi ph"", ""phí Tất cả chi phí phải được nộp trong vòng 30 ngày kể từ ngày phát sinh. Hóa đơn VAT hoặc chứng từ hợp lệ là bắt buộc cho mọi khoản chi phí trên 200.000 VNĐ. Chi phí dưới 500.000 VNĐ: quản lý trực tiếp phê duyệt. Chi phí từ 500.000 VNĐ đến 5.000.000 VNĐ: Trưởng phòng phê duyệt. Chi phí trên 5.000.000 VNĐ: Giám đốc bộ phận phê duyệt. ## Thưởng và Phúc lợi Thưởng tháng 13 được chi trả vào cuối tháng 12 dựa trên kết quả đánh giá hiệu suất và tình hình kinh doanh của công ty. Nhân viên phải làm việc đủ 6 tháng trong năm mới đủ điều kiện nhận thưởng. Thưởng Tết Nguyên Đán được chi trả trước kỳ nghỉ Tết ít nhất 3 ngày làm việc. Mức thưởng từ 0,5 đến 3 tháng lương tùy theo hiệu suất và đóng góp. ## Chính sách Đào tạo Công ty hỗ trợ chi phí đào tạo và phát triển kỹ năng tối đa 10.000.000 VNĐ/nhân viên/năm. Nhân viên phải cam kết làm việc tối thiểu 1 năm sau khi được hỗ trợ đào tạo có giá trị t""]"
"Trong tai lieu sample_02.md, noi dung chinh cua doan nay la gi?",Thông tin không được tìm thấy.,Không được sử dụng VPN cá nhân trên thiết bị của công ty khi truy cập hệ thống nội bộ.,simple,0.0,0.0,0.9999999999,1.0,"[""ức WireGuard với mã hóa AES-256. Kết nối VPN được cho phép tối đa 8 giờ liên tục, sau đó cần đăng nhập lại. Không được sử dụng VPN cá nhân trên thiết bị của công ty khi truy cập hệ thống nội bộ. ## Email và Liên lạc Email công ty chỉ được sử dụng cho mục đích công việc. Không được chuyển tiếp email nội bộ ra các địa chỉ email cá nhân. Dung lượng hộp thư tối đa là 25 GB. Tập tin đính kèm lớn hơn 25 MB phải được chia sẻ qua hệ thống lưu trữ đám mây nội bộ. ## Sao lưu Dữ liệu Dữ liệu công việc phải được lưu trên ổ đĩa mạng hoặc hệ thống đám mây được phê duyệt. Hệ thống tự động sao lưu dữ liệu hàng ngày lúc 2 giờ sáng. Nhân viên có trách nhiệm đảm bảo dữ liệu quan trọng được lưu đúng vị trí trước khi kết thúc ngày làm việc. ## Bảo mật Thông tin Thông tin khách hàng và dữ liệu kinh doanh bảo mật không được chia sẻ ra bên ngoài mà không có sự cho phép của quản lý cấp cao. Vi phạm bảo mật dữ li"", ""# Chính sách Nhân sự — Sổ tay Nhân viên 2024 ## Nghỉ phép năm Nhân viên chính thức được nghỉ phép năm 12 ngày làm việc mỗi năm. Số ngày nghỉ phép tăng thêm 1 ngày cho mỗi 5 năm thâm niên công tác, tối đa 20 ngày. Ngày nghỉ phép không sử dụng hết trong năm có thể chuyển sang năm tiếp theo, nhưng không quá 5 ngày. Nhân viên phải nộp đơn xin nghỉ phép trước ít nhất 3 ngày làm việc. ## Nghỉ phép không lương Nhân viên có thể xin nghỉ phép không lương tối đa 30 ngày mỗi năm. Đơn xin nghỉ phải được Giám đốc bộ phận phê duyệt bằng văn bản trước khi nghỉ. Nghỉ phép không lương quá 10 ngày liên tiếp phải được Giám đốc Điều hành phê duyệt. ## Nghỉ ốm Nhân viên được hưởng 10 ngày nghỉ ốm có lương mỗi năm. Cần nộp giấy xác nhận y tế từ cơ sở y tế được công nhận trong vòng 3 ngày làm việc kể từ ngày trở lại làm việc. Nghỉ ốm quá 3 ngày liên tiếp bắt buộc phải có giấy xác nhận của bác sĩ. ## Thời gian"", ""# Chính sách Tài chính và Chi phí — Sổ tay Nhân viên 2024 ## Phụ cấp đi lại Nhân viên sử dụng phương tiện cá nhân cho công việc được hoàn trả 3.500 VNĐ/km. Xe taxi hoặc xe công nghệ được hoàn trả theo hóa đơn thực tế khi có lý do hợp lý. Đi lại bằng máy bay trong nước: hạng phổ thông được phê duyệt cho chuyến đi dưới 2 giờ bay. Đặt vé phải thực hiện tối thiểu 5 ngày làm việc trước ngày khởi hành để tiết kiệm chi phí. ## Chi phí Công tác Nhân viên đi công tác được thanh toán phụ cấp ăn uống theo khu vực: - Hà Nội và TP. HCM: 350.000 VNĐ/ngày - Các tỉnh thành khác: 250.000 VNĐ/ngày - Nước ngoài: theo quy định riêng từng quốc gia Chi phí lưu trú được hoàn trả theo hóa đơn thực tế, tối đa 1.500.000 VNĐ/đêm tại Hà Nội và TP. HCM. ## Quy trình Hoàn trả Chi phí Tất cả chi phí phải được nộp trong vòng 30 ngày kể từ ngày phát sinh. Hóa đơn VAT hoặc chứng từ hợp lệ là bắt buộc cho mọi khoản chi ph"", ""phí Tất cả chi phí phải được nộp trong vòng 30 ngày kể từ ngày phát sinh. Hóa đơn VAT hoặc chứng từ hợp lệ là bắt buộc cho mọi khoản chi phí trên 200.000 VNĐ. Chi phí dưới 500.000 VNĐ: quản lý trực tiếp phê duyệt. Chi phí từ 500.000 VNĐ đến 5.000.000 VNĐ: Trưởng phòng phê duyệt. Chi phí trên 5.000.000 VNĐ: Giám đốc bộ phận phê duyệt. ## Thưởng và Phúc lợi Thưởng tháng 13 được chi trả vào cuối tháng 12 dựa trên kết quả đánh giá hiệu suất và tình hình kinh doanh của công ty. Nhân viên phải làm việc đủ 6 tháng trong năm mới đủ điều kiện nhận thưởng. Thưởng Tết Nguyên Đán được chi trả trước kỳ nghỉ Tết ít nhất 3 ngày làm việc. Mức thưởng từ 0,5 đến 3 tháng lương tùy theo hiệu suất và đóng góp. ## Chính sách Đào tạo Công ty hỗ trợ chi phí đào tạo và phát triển kỹ năng tối đa 10.000.000 VNĐ/nhân viên/năm. Nhân viên phải cam kết làm việc tối thiểu 1 năm sau khi được hỗ trợ đào tạo có giá trị t""]"
"Trong tai lieu sample_02.md, noi dung chinh cua doan nay la gi?",Thông tin không được tìm thấy.,khách hàng và dữ liệu kinh doanh bảo mật không được chia sẻ ra bên ngoài mà không có sự cho phép của quản lý cấp cao.,simple,0.0,0.0,0.9999999999,1.0,"[""ức WireGuard với mã hóa AES-256. Kết nối VPN được cho phép tối đa 8 giờ liên tục, sau đó cần đăng nhập lại. Không được sử dụng VPN cá nhân trên thiết bị của công ty khi truy cập hệ thống nội bộ. ## Email và Liên lạc Email công ty chỉ được sử dụng cho mục đích công việc. Không được chuyển tiếp email nội bộ ra các địa chỉ email cá nhân. Dung lượng hộp thư tối đa là 25 GB. Tập tin đính kèm lớn hơn 25 MB phải được chia sẻ qua hệ thống lưu trữ đám mây nội bộ. ## Sao lưu Dữ liệu Dữ liệu công việc phải được lưu trên ổ đĩa mạng hoặc hệ thống đám mây được phê duyệt. Hệ thống tự động sao lưu dữ liệu hàng ngày lúc 2 giờ sáng. Nhân viên có trách nhiệm đảm bảo dữ liệu quan trọng được lưu đúng vị trí trước khi kết thúc ngày làm việc. ## Bảo mật Thông tin Thông tin khách hàng và dữ liệu kinh doanh bảo mật không được chia sẻ ra bên ngoài mà không có sự cho phép của quản lý cấp cao. Vi phạm bảo mật dữ li"", ""# Chính sách Nhân sự — Sổ tay Nhân viên 2024 ## Nghỉ phép năm Nhân viên chính thức được nghỉ phép năm 12 ngày làm việc mỗi năm. Số ngày nghỉ phép tăng thêm 1 ngày cho mỗi 5 năm thâm niên công tác, tối đa 20 ngày. Ngày nghỉ phép không sử dụng hết trong năm có thể chuyển sang năm tiếp theo, nhưng không quá 5 ngày. Nhân viên phải nộp đơn xin nghỉ phép trước ít nhất 3 ngày làm việc. ## Nghỉ phép không lương Nhân viên có thể xin nghỉ phép không lương tối đa 30 ngày mỗi năm. Đơn xin nghỉ phải được Giám đốc bộ phận phê duyệt bằng văn bản trước khi nghỉ. Nghỉ phép không lương quá 10 ngày liên tiếp phải được Giám đốc Điều hành phê duyệt. ## Nghỉ ốm Nhân viên được hưởng 10 ngày nghỉ ốm có lương mỗi năm. Cần nộp giấy xác nhận y tế từ cơ sở y tế được công nhận trong vòng 3 ngày làm việc kể từ ngày trở lại làm việc. Nghỉ ốm quá 3 ngày liên tiếp bắt buộc phải có giấy xác nhận của bác sĩ. ## Thời gian"", ""# Chính sách Tài chính và Chi phí — Sổ tay Nhân viên 2024 ## Phụ cấp đi lại Nhân viên sử dụng phương tiện cá nhân cho công việc được hoàn trả 3.500 VNĐ/km. Xe taxi hoặc xe công nghệ được hoàn trả theo hóa đơn thực tế khi có lý do hợp lý. Đi lại bằng máy bay trong nước: hạng phổ thông được phê duyệt cho chuyến đi dưới 2 giờ bay. Đặt vé phải thực hiện tối thiểu 5 ngày làm việc trước ngày khởi hành để tiết kiệm chi phí. ## Chi phí Công tác Nhân viên đi công tác được thanh toán phụ cấp ăn uống theo khu vực: - Hà Nội và TP. HCM: 350.000 VNĐ/ngày - Các tỉnh thành khác: 250.000 VNĐ/ngày - Nước ngoài: theo quy định riêng từng quốc gia Chi phí lưu trú được hoàn trả theo hóa đơn thực tế, tối đa 1.500.000 VNĐ/đêm tại Hà Nội và TP. HCM. ## Quy trình Hoàn trả Chi phí Tất cả chi phí phải được nộp trong vòng 30 ngày kể từ ngày phát sinh. Hóa đơn VAT hoặc chứng từ hợp lệ là bắt buộc cho mọi khoản chi ph"", ""phí Tất cả chi phí phải được nộp trong vòng 30 ngày kể từ ngày phát sinh. Hóa đơn VAT hoặc chứng từ hợp lệ là bắt buộc cho mọi khoản chi phí trên 200.000 VNĐ. Chi phí dưới 500.000 VNĐ: quản lý trực tiếp phê duyệt. Chi phí từ 500.000 VNĐ đến 5.000.000 VNĐ: Trưởng phòng phê duyệt. Chi phí trên 5.000.000 VNĐ: Giám đốc bộ phận phê duyệt. ## Thưởng và Phúc lợi Thưởng tháng 13 được chi trả vào cuối tháng 12 dựa trên kết quả đánh giá hiệu suất và tình hình kinh doanh của công ty. Nhân viên phải làm việc đủ 6 tháng trong năm mới đủ điều kiện nhận thưởng. Thưởng Tết Nguyên Đán được chi trả trước kỳ nghỉ Tết ít nhất 3 ngày làm việc. Mức thưởng từ 0,5 đến 3 tháng lương tùy theo hiệu suất và đóng góp. ## Chính sách Đào tạo Công ty hỗ trợ chi phí đào tạo và phát triển kỹ năng tối đa 10.000.000 VNĐ/nhân viên/năm. Nhân viên phải cam kết làm việc tối thiểu 1 năm sau khi được hỗ trợ đào tạo có giá trị t""]"
"Trong tai lieu sample_03.md, noi dung chinh cua doan nay la gi?",Thông tin không được tìm thấy.,# Chính sách Tài chính và Chi phí — Sổ tay Nhân viên 2024 ## Phụ cấp đi lại Nhân viên sử dụng phương tiện cá nhân cho công việc được hoàn trả 3.500 VNĐ/km.,simple,0.0,0.0,0.3333333333,1.0,"[""ức WireGuard với mã hóa AES-256. Kết nối VPN được cho phép tối đa 8 giờ liên tục, sau đó cần đăng nhập lại. Không được sử dụng VPN cá nhân trên thiết bị của công ty khi truy cập hệ thống nội bộ. ## Email và Liên lạc Email công ty chỉ được sử dụng cho mục đích công việc. Không được chuyển tiếp email nội bộ ra các địa chỉ email cá nhân. Dung lượng hộp thư tối đa là 25 GB. Tập tin đính kèm lớn hơn 25 MB phải được chia sẻ qua hệ thống lưu trữ đám mây nội bộ. ## Sao lưu Dữ liệu Dữ liệu công việc phải được lưu trên ổ đĩa mạng hoặc hệ thống đám mây được phê duyệt. Hệ thống tự động sao lưu dữ liệu hàng ngày lúc 2 giờ sáng. Nhân viên có trách nhiệm đảm bảo dữ liệu quan trọng được lưu đúng vị trí trước khi kết thúc ngày làm việc. ## Bảo mật Thông tin Thông tin khách hàng và dữ liệu kinh doanh bảo mật không được chia sẻ ra bên ngoài mà không có sự cho phép của quản lý cấp cao. Vi phạm bảo mật dữ li"", ""# Chính sách Nhân sự — Sổ tay Nhân viên 2024 ## Nghỉ phép năm Nhân viên chính thức được nghỉ phép năm 12 ngày làm việc mỗi năm. Số ngày nghỉ phép tăng thêm 1 ngày cho mỗi 5 năm thâm niên công tác, tối đa 20 ngày. Ngày nghỉ phép không sử dụng hết trong năm có thể chuyển sang năm tiếp theo, nhưng không quá 5 ngày. Nhân viên phải nộp đơn xin nghỉ phép trước ít nhất 3 ngày làm việc. ## Nghỉ phép không lương Nhân viên có thể xin nghỉ phép không lương tối đa 30 ngày mỗi năm. Đơn xin nghỉ phải được Giám đốc bộ phận phê duyệt bằng văn bản trước khi nghỉ. Nghỉ phép không lương quá 10 ngày liên tiếp phải được Giám đốc Điều hành phê duyệt. ## Nghỉ ốm Nhân viên được hưởng 10 ngày nghỉ ốm có lương mỗi năm. Cần nộp giấy xác nhận y tế từ cơ sở y tế được công nhận trong vòng 3 ngày làm việc kể từ ngày trở lại làm việc. Nghỉ ốm quá 3 ngày liên tiếp bắt buộc phải có giấy xác nhận của bác sĩ. ## Thời gian"", ""# Chính sách Tài chính và Chi phí — Sổ tay Nhân viên 2024 ## Phụ cấp đi lại Nhân viên sử dụng phương tiện cá nhân cho công việc được hoàn trả 3.500 VNĐ/km. Xe taxi hoặc xe công nghệ được hoàn trả theo hóa đơn thực tế khi có lý do hợp lý. Đi lại bằng máy bay trong nước: hạng phổ thông được phê duyệt cho chuyến đi dưới 2 giờ bay. Đặt vé phải thực hiện tối thiểu 5 ngày làm việc trước ngày khởi hành để tiết kiệm chi phí. ## Chi phí Công tác Nhân viên đi công tác được thanh toán phụ cấp ăn uống theo khu vực: - Hà Nội và TP. HCM: 350.000 VNĐ/ngày - Các tỉnh thành khác: 250.000 VNĐ/ngày - Nước ngoài: theo quy định riêng từng quốc gia Chi phí lưu trú được hoàn trả theo hóa đơn thực tế, tối đa 1.500.000 VNĐ/đêm tại Hà Nội và TP. HCM. ## Quy trình Hoàn trả Chi phí Tất cả chi phí phải được nộp trong vòng 30 ngày kể từ ngày phát sinh. Hóa đơn VAT hoặc chứng từ hợp lệ là bắt buộc cho mọi khoản chi ph"", ""phí Tất cả chi phí phải được nộp trong vòng 30 ngày kể từ ngày phát sinh. Hóa đơn VAT hoặc chứng từ hợp lệ là bắt buộc cho mọi khoản chi phí trên 200.000 VNĐ. Chi phí dưới 500.000 VNĐ: quản lý trực tiếp phê duyệt. Chi phí từ 500.000 VNĐ đến 5.000.000 VNĐ: Trưởng phòng phê duyệt. Chi phí trên 5.000.000 VNĐ: Giám đốc bộ phận phê duyệt. ## Thưởng và Phúc lợi Thưởng tháng 13 được chi trả vào cuối tháng 12 dựa trên kết quả đánh giá hiệu suất và tình hình kinh doanh của công ty. Nhân viên phải làm việc đủ 6 tháng trong năm mới đủ điều kiện nhận thưởng. Thưởng Tết Nguyên Đán được chi trả trước kỳ nghỉ Tết ít nhất 3 ngày làm việc. Mức thưởng từ 0,5 đến 3 tháng lương tùy theo hiệu suất và đóng góp. ## Chính sách Đào tạo Công ty hỗ trợ chi phí đào tạo và phát triển kỹ năng tối đa 10.000.000 VNĐ/nhân viên/năm. Nhân viên phải cam kết làm việc tối thiểu 1 năm sau khi được hỗ trợ đào tạo có giá trị t""]"
"Tu thong tin trong sample_03.md, co the rut ra ket luan gi lien quan den noi dung duoc neu?","Thông tin trong sample_03.md cho thấy các chính sách liên quan đến công nghệ thông tin và nhân sự trong công ty. Các điểm chính bao gồm:

1. **Chính sách VPN**: Nhân viên phải sử dụng VPN công ty với mã hóa AES-256, kết nối tối đa 8 giờ và không được sử dụng VPN cá nhân.
2. **Chính sách email**: Email công ty chỉ dùng cho công việc, không được chuyển tiếp ra email cá nhân, và dung lượng tối đa là 25 GB.
3. **Chính sách bảo mật**: Thông tin khách hàng và dữ liệu kinh doanh không được chia sẻ ra ngoài mà không có sự cho phép, vi phạm có thể dẫn đến xử lý kỷ luật.
4. **Chính sách mật khẩu**: Mật khẩu phải được thay đổi mỗi 90 ngày, có độ dài tối thiểu 12 ký tự và không được sử dụng lại 5 mật khẩu gần nhất.
5. **Chính sách nghỉ phép**: Nhân viên có quyền nghỉ phép năm, nghỉ không lương và nghỉ ốm có lương với các quy định cụ thể.

Kết luận, công ty có các quy định nghiêm ngặt về bảo mật thông tin, sử dụng",Hóa đơn VAT hoặc chứng từ hợp lệ là bắt buộc cho mọi khoản chi phí trên 200.000 VNĐ.,reasoning,1.0,0.3131307471683939,0.0,0.0,"[""ức WireGuard với mã hóa AES-256. Kết nối VPN được cho phép tối đa 8 giờ liên tục, sau đó cần đăng nhập lại. Không được sử dụng VPN cá nhân trên thiết bị của công ty khi truy cập hệ thống nội bộ. ## Email và Liên lạc Email công ty chỉ được sử dụng cho mục đích công việc. Không được chuyển tiếp email nội bộ ra các địa chỉ email cá nhân. Dung lượng hộp thư tối đa là 25 GB. Tập tin đính kèm lớn hơn 25 MB phải được chia sẻ qua hệ thống lưu trữ đám mây nội bộ. ## Sao lưu Dữ liệu Dữ liệu công việc phải được lưu trên ổ đĩa mạng hoặc hệ thống đám mây được phê duyệt. Hệ thống tự động sao lưu dữ liệu hàng ngày lúc 2 giờ sáng. Nhân viên có trách nhiệm đảm bảo dữ liệu quan trọng được lưu đúng vị trí trước khi kết thúc ngày làm việc. ## Bảo mật Thông tin Thông tin khách hàng và dữ liệu kinh doanh bảo mật không được chia sẻ ra bên ngoài mà không có sự cho phép của quản lý cấp cao. Vi phạm bảo mật dữ li"", ""khách hàng và dữ liệu kinh doanh bảo mật không được chia sẻ ra bên ngoài mà không có sự cho phép của quản lý cấp cao. Vi phạm bảo mật dữ liệu có thể dẫn đến xử lý kỷ luật nghiêm khắc. Nhân viên phải báo cáo ngay lập tức bất kỳ sự cố bảo mật hoặc vi phạm dữ liệu nào cho bộ phận IT và quản lý trực tiếp."", ""# Chính sách Công nghệ Thông tin — Sổ tay Nhân viên 2024 ## Chính sách Mật khẩu Mật khẩu tài khoản công ty phải được thay đổi mỗi 90 ngày. Mật khẩu phải có độ dài tối thiểu 12 ký tự, bao gồm chữ hoa, chữ thường, số và ký tự đặc biệt. Không được sử dụng lại 5 mật khẩu gần nhất. Tài khoản sẽ bị khóa sau 5 lần đăng nhập thất bại liên tiếp. Liên hệ bộ phận IT để mở khóa tài khoản. ## Sử dụng Thiết bị Thiết bị do công ty cấp chỉ được sử dụng cho mục đích công việc. Nhân viên không được cài đặt phần mềm không được phê duyệt trên thiết bị của công ty. Trước khi rời công ty hoặc khi hỏng hóc, tất cả thiết bị phải được trả lại bộ phận IT trong vòng 2 ngày làm việc. ## VPN và Truy cập từ xa Nhân viên làm việc từ xa phải sử dụng VPN công ty. VPN sử dụng giao thức WireGuard với mã hóa AES-256. Kết nối VPN được cho phép tối đa 8 giờ liên tục, sau đó cần đăng nhập lại. Không được sử dụng VPN cá nhân t"", ""# Chính sách Nhân sự — Sổ tay Nhân viên 2024 ## Nghỉ phép năm Nhân viên chính thức được nghỉ phép năm 12 ngày làm việc mỗi năm. Số ngày nghỉ phép tăng thêm 1 ngày cho mỗi 5 năm thâm niên công tác, tối đa 20 ngày. Ngày nghỉ phép không sử dụng hết trong năm có thể chuyển sang năm tiếp theo, nhưng không quá 5 ngày. Nhân viên phải nộp đơn xin nghỉ phép trước ít nhất 3 ngày làm việc. ## Nghỉ phép không lương Nhân viên có thể xin nghỉ phép không lương tối đa 30 ngày mỗi năm. Đơn xin nghỉ phải được Giám đốc bộ phận phê duyệt bằng văn bản trước khi nghỉ. Nghỉ phép không lương quá 10 ngày liên tiếp phải được Giám đốc Điều hành phê duyệt. ## Nghỉ ốm Nhân viên được hưởng 10 ngày nghỉ ốm có lương mỗi năm. Cần nộp giấy xác nhận y tế từ cơ sở y tế được công nhận trong vòng 3 ngày làm việc kể từ ngày trở lại làm việc. Nghỉ ốm quá 3 ngày liên tiếp bắt buộc phải có giấy xác nhận của bác sĩ. ## Thời gian""]"
"Tu thong tin trong sample_03.md, co the rut ra ket luan gi lien quan den noi dung duoc neu?","Thông tin trong sample_03.md cho thấy các chính sách liên quan đến công nghệ thông tin và nhân sự của công ty. Các điểm chính bao gồm:

1. **Chính sách VPN**: Nhân viên phải sử dụng VPN công ty với mã hóa AES-256, kết nối tối đa 8 giờ và không được sử dụng VPN cá nhân.
2. **Chính sách email**: Email công ty chỉ dùng cho công việc, không được chuyển tiếp ra địa chỉ cá nhân, và dung lượng tối đa là 25 GB.
3. **Chính sách bảo mật**: Thông tin khách hàng và dữ liệu kinh doanh không được chia sẻ mà không có sự cho phép, vi phạm có thể dẫn đến xử lý kỷ luật.
4. **Chính sách mật khẩu**: Mật khẩu phải được thay đổi mỗi 90 ngày, có độ dài tối thiểu 12 ký tự và không được sử dụng lại 5 mật khẩu gần nhất.
5. **Chính sách nghỉ phép**: Nhân viên có quyền nghỉ phép năm, nghỉ không lương và nghỉ ốm với các quy định cụ thể.

Tóm lại, công ty có các quy định nghiêm ngặt về bảo mật thông tin, sử dụng thiết bị và nghỉ",Nhân viên phải cam kết làm việc tối thiểu 1 năm sau khi được hỗ trợ đào tạo có giá trị trên 5.000.000 VNĐ.,reasoning,1.0,0.18842291753524645,0.0,0.0,"[""ức WireGuard với mã hóa AES-256. Kết nối VPN được cho phép tối đa 8 giờ liên tục, sau đó cần đăng nhập lại. Không được sử dụng VPN cá nhân trên thiết bị của công ty khi truy cập hệ thống nội bộ. ## Email và Liên lạc Email công ty chỉ được sử dụng cho mục đích công việc. Không được chuyển tiếp email nội bộ ra các địa chỉ email cá nhân. Dung lượng hộp thư tối đa là 25 GB. Tập tin đính kèm lớn hơn 25 MB phải được chia sẻ qua hệ thống lưu trữ đám mây nội bộ. ## Sao lưu Dữ liệu Dữ liệu công việc phải được lưu trên ổ đĩa mạng hoặc hệ thống đám mây được phê duyệt. Hệ thống tự động sao lưu dữ liệu hàng ngày lúc 2 giờ sáng. Nhân viên có trách nhiệm đảm bảo dữ liệu quan trọng được lưu đúng vị trí trước khi kết thúc ngày làm việc. ## Bảo mật Thông tin Thông tin khách hàng và dữ liệu kinh doanh bảo mật không được chia sẻ ra bên ngoài mà không có sự cho phép của quản lý cấp cao. Vi phạm bảo mật dữ li"", ""khách hàng và dữ liệu kinh doanh bảo mật không được chia sẻ ra bên ngoài mà không có sự cho phép của quản lý cấp cao. Vi phạm bảo mật dữ liệu có thể dẫn đến xử lý kỷ luật nghiêm khắc. Nhân viên phải báo cáo ngay lập tức bất kỳ sự cố bảo mật hoặc vi phạm dữ liệu nào cho bộ phận IT và quản lý trực tiếp."", ""# Chính sách Công nghệ Thông tin — Sổ tay Nhân viên 2024 ## Chính sách Mật khẩu Mật khẩu tài khoản công ty phải được thay đổi mỗi 90 ngày. Mật khẩu phải có độ dài tối thiểu 12 ký tự, bao gồm chữ hoa, chữ thường, số và ký tự đặc biệt. Không được sử dụng lại 5 mật khẩu gần nhất. Tài khoản sẽ bị khóa sau 5 lần đăng nhập thất bại liên tiếp. Liên hệ bộ phận IT để mở khóa tài khoản. ## Sử dụng Thiết bị Thiết bị do công ty cấp chỉ được sử dụng cho mục đích công việc. Nhân viên không được cài đặt phần mềm không được phê duyệt trên thiết bị của công ty. Trước khi rời công ty hoặc khi hỏng hóc, tất cả thiết bị phải được trả lại bộ phận IT trong vòng 2 ngày làm việc. ## VPN và Truy cập từ xa Nhân viên làm việc từ xa phải sử dụng VPN công ty. VPN sử dụng giao thức WireGuard với mã hóa AES-256. Kết nối VPN được cho phép tối đa 8 giờ liên tục, sau đó cần đăng nhập lại. Không được sử dụng VPN cá nhân t"", ""# Chính sách Nhân sự — Sổ tay Nhân viên 2024 ## Nghỉ phép năm Nhân viên chính thức được nghỉ phép năm 12 ngày làm việc mỗi năm. Số ngày nghỉ phép tăng thêm 1 ngày cho mỗi 5 năm thâm niên công tác, tối đa 20 ngày. Ngày nghỉ phép không sử dụng hết trong năm có thể chuyển sang năm tiếp theo, nhưng không quá 5 ngày. Nhân viên phải nộp đơn xin nghỉ phép trước ít nhất 3 ngày làm việc. ## Nghỉ phép không lương Nhân viên có thể xin nghỉ phép không lương tối đa 30 ngày mỗi năm. Đơn xin nghỉ phải được Giám đốc bộ phận phê duyệt bằng văn bản trước khi nghỉ. Nghỉ phép không lương quá 10 ngày liên tiếp phải được Giám đốc Điều hành phê duyệt. ## Nghỉ ốm Nhân viên được hưởng 10 ngày nghỉ ốm có lương mỗi năm. Cần nộp giấy xác nhận y tế từ cơ sở y tế được công nhận trong vòng 3 ngày làm việc kể từ ngày trở lại làm việc. Nghỉ ốm quá 3 ngày liên tiếp bắt buộc phải có giấy xác nhận của bác sĩ. ## Thời gian""]"
"Tu thong tin trong sample_01.md, co the rut ra ket luan gi lien quan den noi dung duoc neu?","Thông tin trong sample_01.md cho thấy các chính sách và quy định liên quan đến công nghệ thông tin và nhân sự tại công ty. Các điểm chính bao gồm:

1. **VPN và Bảo mật**: Nhân viên phải sử dụng VPN công ty với mã hóa AES-256 và không được sử dụng VPN cá nhân. Kết nối VPN có giới hạn thời gian.

2. **Email và Liên lạc**: Email công ty chỉ dùng cho công việc, không được chuyển tiếp ra ngoài. Hộp thư có dung lượng tối đa 25 GB.

3. **Sao lưu Dữ liệu**: Dữ liệu công việc phải được lưu trữ đúng cách và hệ thống tự động sao lưu hàng ngày.

4. **Chính sách Mật khẩu**: Mật khẩu phải được thay đổi định kỳ và có yêu cầu về độ phức tạp.

5. **Nghỉ phép**: Nhân viên có quyền nghỉ phép năm, nghỉ không lương và nghỉ ốm với các quy định cụ thể.

Tóm lại, công ty có các quy định nghiêm ngặt về bảo mật thông tin, sử dụng thiết bị và quyền lợi của nhân viên.",# Chính sách Nhân sự — Sổ tay Nhân viên 2024 ## Nghỉ phép năm Nhân viên chính thức được nghỉ phép năm 12 ngày làm việc mỗi năm.,reasoning,0.9545454545454546,0.13663934624653853,0.249999999975,1.0,"[""ức WireGuard với mã hóa AES-256. Kết nối VPN được cho phép tối đa 8 giờ liên tục, sau đó cần đăng nhập lại. Không được sử dụng VPN cá nhân trên thiết bị của công ty khi truy cập hệ thống nội bộ. ## Email và Liên lạc Email công ty chỉ được sử dụng cho mục đích công việc. Không được chuyển tiếp email nội bộ ra các địa chỉ email cá nhân. Dung lượng hộp thư tối đa là 25 GB. Tập tin đính kèm lớn hơn 25 MB phải được chia sẻ qua hệ thống lưu trữ đám mây nội bộ. ## Sao lưu Dữ liệu Dữ liệu công việc phải được lưu trên ổ đĩa mạng hoặc hệ thống đám mây được phê duyệt. Hệ thống tự động sao lưu dữ liệu hàng ngày lúc 2 giờ sáng. Nhân viên có trách nhiệm đảm bảo dữ liệu quan trọng được lưu đúng vị trí trước khi kết thúc ngày làm việc. ## Bảo mật Thông tin Thông tin khách hàng và dữ liệu kinh doanh bảo mật không được chia sẻ ra bên ngoài mà không có sự cho phép của quản lý cấp cao. Vi phạm bảo mật dữ li"", ""khách hàng và dữ liệu kinh doanh bảo mật không được chia sẻ ra bên ngoài mà không có sự cho phép của quản lý cấp cao. Vi phạm bảo mật dữ liệu có thể dẫn đến xử lý kỷ luật nghiêm khắc. Nhân viên phải báo cáo ngay lập tức bất kỳ sự cố bảo mật hoặc vi phạm dữ liệu nào cho bộ phận IT và quản lý trực tiếp."", ""# Chính sách Công nghệ Thông tin — Sổ tay Nhân viên 2024 ## Chính sách Mật khẩu Mật khẩu tài khoản công ty phải được thay đổi mỗi 90 ngày. Mật khẩu phải có độ dài tối thiểu 12 ký tự, bao gồm chữ hoa, chữ thường, số và ký tự đặc biệt. Không được sử dụng lại 5 mật khẩu gần nhất. Tài khoản sẽ bị khóa sau 5 lần đăng nhập thất bại liên tiếp. Liên hệ bộ phận IT để mở khóa tài khoản. ## Sử dụng Thiết bị Thiết bị do công ty cấp chỉ được sử dụng cho mục đích công việc. Nhân viên không được cài đặt phần mềm không được phê duyệt trên thiết bị của công ty. Trước khi rời công ty hoặc khi hỏng hóc, tất cả thiết bị phải được trả lại bộ phận IT trong vòng 2 ngày làm việc. ## VPN và Truy cập từ xa Nhân viên làm việc từ xa phải sử dụng VPN công ty. VPN sử dụng giao thức WireGuard với mã hóa AES-256. Kết nối VPN được cho phép tối đa 8 giờ liên tục, sau đó cần đăng nhập lại. Không được sử dụng VPN cá nhân t"", ""# Chính sách Nhân sự — Sổ tay Nhân viên 2024 ## Nghỉ phép năm Nhân viên chính thức được nghỉ phép năm 12 ngày làm việc mỗi năm. Số ngày nghỉ phép tăng thêm 1 ngày cho mỗi 5 năm thâm niên công tác, tối đa 20 ngày. Ngày nghỉ phép không sử dụng hết trong năm có thể chuyển sang năm tiếp theo, nhưng không quá 5 ngày. Nhân viên phải nộp đơn xin nghỉ phép trước ít nhất 3 ngày làm việc. ## Nghỉ phép không lương Nhân viên có thể xin nghỉ phép không lương tối đa 30 ngày mỗi năm. Đơn xin nghỉ phải được Giám đốc bộ phận phê duyệt bằng văn bản trước khi nghỉ. Nghỉ phép không lương quá 10 ngày liên tiếp phải được Giám đốc Điều hành phê duyệt. ## Nghỉ ốm Nhân viên được hưởng 10 ngày nghỉ ốm có lương mỗi năm. Cần nộp giấy xác nhận y tế từ cơ sở y tế được công nhận trong vòng 3 ngày làm việc kể từ ngày trở lại làm việc. Nghỉ ốm quá 3 ngày liên tiếp bắt buộc phải có giấy xác nhận của bác sĩ. ## Thời gian""]"
"Tu thong tin trong sample_01.md, co the rut ra ket luan gi lien quan den noi dung duoc neu?","Thông tin trong sample_01.md cho thấy các chính sách và quy định liên quan đến công nghệ thông tin và nhân sự trong công ty. Các điểm chính bao gồm:

1. **VPN và Bảo mật**: Nhân viên phải sử dụng VPN công ty với mã hóa AES-256 và không được sử dụng VPN cá nhân. Kết nối VPN có giới hạn thời gian.

2. **Email và Liên lạc**: Email công ty chỉ dùng cho công việc, không được chuyển tiếp ra địa chỉ cá nhân và có dung lượng tối đa.

3. **Sao lưu Dữ liệu**: Dữ liệu công việc phải được lưu trữ đúng cách và có hệ thống sao lưu tự động hàng ngày.

4. **Chính sách Mật khẩu**: Mật khẩu tài khoản phải được thay đổi định kỳ và có yêu cầu về độ phức tạp.

5. **Nghỉ phép**: Nhân viên có quyền nghỉ phép có lương và không lương, với quy định rõ ràng về số ngày và thủ tục xin nghỉ.

Các quy định này nhằm đảm bảo an toàn thông tin, bảo mật dữ liệu và quản lý nhân sự hiệu quả trong công ty.",## Thời gian thử việc Thời gian thử việc là 60 ngày đối với nhân viên bậc cao và 30 ngày đối với nhân viên thông thường.,reasoning,1.0,0.1494208606679424,0.0,0.0,"[""ức WireGuard với mã hóa AES-256. Kết nối VPN được cho phép tối đa 8 giờ liên tục, sau đó cần đăng nhập lại. Không được sử dụng VPN cá nhân trên thiết bị của công ty khi truy cập hệ thống nội bộ. ## Email và Liên lạc Email công ty chỉ được sử dụng cho mục đích công việc. Không được chuyển tiếp email nội bộ ra các địa chỉ email cá nhân. Dung lượng hộp thư tối đa là 25 GB. Tập tin đính kèm lớn hơn 25 MB phải được chia sẻ qua hệ thống lưu trữ đám mây nội bộ. ## Sao lưu Dữ liệu Dữ liệu công việc phải được lưu trên ổ đĩa mạng hoặc hệ thống đám mây được phê duyệt. Hệ thống tự động sao lưu dữ liệu hàng ngày lúc 2 giờ sáng. Nhân viên có trách nhiệm đảm bảo dữ liệu quan trọng được lưu đúng vị trí trước khi kết thúc ngày làm việc. ## Bảo mật Thông tin Thông tin khách hàng và dữ liệu kinh doanh bảo mật không được chia sẻ ra bên ngoài mà không có sự cho phép của quản lý cấp cao. Vi phạm bảo mật dữ li"", ""khách hàng và dữ liệu kinh doanh bảo mật không được chia sẻ ra bên ngoài mà không có sự cho phép của quản lý cấp cao. Vi phạm bảo mật dữ liệu có thể dẫn đến xử lý kỷ luật nghiêm khắc. Nhân viên phải báo cáo ngay lập tức bất kỳ sự cố bảo mật hoặc vi phạm dữ liệu nào cho bộ phận IT và quản lý trực tiếp."", ""# Chính sách Công nghệ Thông tin — Sổ tay Nhân viên 2024 ## Chính sách Mật khẩu Mật khẩu tài khoản công ty phải được thay đổi mỗi 90 ngày. Mật khẩu phải có độ dài tối thiểu 12 ký tự, bao gồm chữ hoa, chữ thường, số và ký tự đặc biệt. Không được sử dụng lại 5 mật khẩu gần nhất. Tài khoản sẽ bị khóa sau 5 lần đăng nhập thất bại liên tiếp. Liên hệ bộ phận IT để mở khóa tài khoản. ## Sử dụng Thiết bị Thiết bị do công ty cấp chỉ được sử dụng cho mục đích công việc. Nhân viên không được cài đặt phần mềm không được phê duyệt trên thiết bị của công ty. Trước khi rời công ty hoặc khi hỏng hóc, tất cả thiết bị phải được trả lại bộ phận IT trong vòng 2 ngày làm việc. ## VPN và Truy cập từ xa Nhân viên làm việc từ xa phải sử dụng VPN công ty. VPN sử dụng giao thức WireGuard với mã hóa AES-256. Kết nối VPN được cho phép tối đa 8 giờ liên tục, sau đó cần đăng nhập lại. Không được sử dụng VPN cá nhân t"", ""# Chính sách Nhân sự — Sổ tay Nhân viên 2024 ## Nghỉ phép năm Nhân viên chính thức được nghỉ phép năm 12 ngày làm việc mỗi năm. Số ngày nghỉ phép tăng thêm 1 ngày cho mỗi 5 năm thâm niên công tác, tối đa 20 ngày. Ngày nghỉ phép không sử dụng hết trong năm có thể chuyển sang năm tiếp theo, nhưng không quá 5 ngày. Nhân viên phải nộp đơn xin nghỉ phép trước ít nhất 3 ngày làm việc. ## Nghỉ phép không lương Nhân viên có thể xin nghỉ phép không lương tối đa 30 ngày mỗi năm. Đơn xin nghỉ phải được Giám đốc bộ phận phê duyệt bằng văn bản trước khi nghỉ. Nghỉ phép không lương quá 10 ngày liên tiếp phải được Giám đốc Điều hành phê duyệt. ## Nghỉ ốm Nhân viên được hưởng 10 ngày nghỉ ốm có lương mỗi năm. Cần nộp giấy xác nhận y tế từ cơ sở y tế được công nhận trong vòng 3 ngày làm việc kể từ ngày trở lại làm việc. Nghỉ ốm quá 3 ngày liên tiếp bắt buộc phải có giấy xác nhận của bác sĩ. ## Thời gian""]"
"Tu thong tin trong sample_01.md, co the rut ra ket luan gi lien quan den noi dung duoc neu?","Thông tin trong sample_01.md cho thấy các chính sách liên quan đến bảo mật thông tin, sử dụng thiết bị, VPN, và nghỉ phép của nhân viên. Các quy định này nhấn mạnh tầm quan trọng của việc bảo vệ dữ liệu công ty, yêu cầu nhân viên sử dụng thiết bị và phần mềm được phê duyệt, cũng như quy trình xin nghỉ phép rõ ràng. Việc vi phạm các chính sách này có thể dẫn đến xử lý kỷ luật nghiêm khắc.",## Đánh giá hiệu suất Đánh giá hiệu suất được thực hiện 2 lần/năm: tháng 6 và tháng 12.,reasoning,1.0,0.3472879220619175,0.0,0.0,"[""ức WireGuard với mã hóa AES-256. Kết nối VPN được cho phép tối đa 8 giờ liên tục, sau đó cần đăng nhập lại. Không được sử dụng VPN cá nhân trên thiết bị của công ty khi truy cập hệ thống nội bộ. ## Email và Liên lạc Email công ty chỉ được sử dụng cho mục đích công việc. Không được chuyển tiếp email nội bộ ra các địa chỉ email cá nhân. Dung lượng hộp thư tối đa là 25 GB. Tập tin đính kèm lớn hơn 25 MB phải được chia sẻ qua hệ thống lưu trữ đám mây nội bộ. ## Sao lưu Dữ liệu Dữ liệu công việc phải được lưu trên ổ đĩa mạng hoặc hệ thống đám mây được phê duyệt. Hệ thống tự động sao lưu dữ liệu hàng ngày lúc 2 giờ sáng. Nhân viên có trách nhiệm đảm bảo dữ liệu quan trọng được lưu đúng vị trí trước khi kết thúc ngày làm việc. ## Bảo mật Thông tin Thông tin khách hàng và dữ liệu kinh doanh bảo mật không được chia sẻ ra bên ngoài mà không có sự cho phép của quản lý cấp cao. Vi phạm bảo mật dữ li"", ""khách hàng và dữ liệu kinh doanh bảo mật không được chia sẻ ra bên ngoài mà không có sự cho phép của quản lý cấp cao. Vi phạm bảo mật dữ liệu có thể dẫn đến xử lý kỷ luật nghiêm khắc. Nhân viên phải báo cáo ngay lập tức bất kỳ sự cố bảo mật hoặc vi phạm dữ liệu nào cho bộ phận IT và quản lý trực tiếp."", ""# Chính sách Công nghệ Thông tin — Sổ tay Nhân viên 2024 ## Chính sách Mật khẩu Mật khẩu tài khoản công ty phải được thay đổi mỗi 90 ngày. Mật khẩu phải có độ dài tối thiểu 12 ký tự, bao gồm chữ hoa, chữ thường, số và ký tự đặc biệt. Không được sử dụng lại 5 mật khẩu gần nhất. Tài khoản sẽ bị khóa sau 5 lần đăng nhập thất bại liên tiếp. Liên hệ bộ phận IT để mở khóa tài khoản. ## Sử dụng Thiết bị Thiết bị do công ty cấp chỉ được sử dụng cho mục đích công việc. Nhân viên không được cài đặt phần mềm không được phê duyệt trên thiết bị của công ty. Trước khi rời công ty hoặc khi hỏng hóc, tất cả thiết bị phải được trả lại bộ phận IT trong vòng 2 ngày làm việc. ## VPN và Truy cập từ xa Nhân viên làm việc từ xa phải sử dụng VPN công ty. VPN sử dụng giao thức WireGuard với mã hóa AES-256. Kết nối VPN được cho phép tối đa 8 giờ liên tục, sau đó cần đăng nhập lại. Không được sử dụng VPN cá nhân t"", ""# Chính sách Nhân sự — Sổ tay Nhân viên 2024 ## Nghỉ phép năm Nhân viên chính thức được nghỉ phép năm 12 ngày làm việc mỗi năm. Số ngày nghỉ phép tăng thêm 1 ngày cho mỗi 5 năm thâm niên công tác, tối đa 20 ngày. Ngày nghỉ phép không sử dụng hết trong năm có thể chuyển sang năm tiếp theo, nhưng không quá 5 ngày. Nhân viên phải nộp đơn xin nghỉ phép trước ít nhất 3 ngày làm việc. ## Nghỉ phép không lương Nhân viên có thể xin nghỉ phép không lương tối đa 30 ngày mỗi năm. Đơn xin nghỉ phải được Giám đốc bộ phận phê duyệt bằng văn bản trước khi nghỉ. Nghỉ phép không lương quá 10 ngày liên tiếp phải được Giám đốc Điều hành phê duyệt. ## Nghỉ ốm Nhân viên được hưởng 10 ngày nghỉ ốm có lương mỗi năm. Cần nộp giấy xác nhận y tế từ cơ sở y tế được công nhận trong vòng 3 ngày làm việc kể từ ngày trở lại làm việc. Nghỉ ốm quá 3 ngày liên tiếp bắt buộc phải có giấy xác nhận của bác sĩ. ## Thời gian""]"
"Tu thong tin trong sample_02.md, co the rut ra ket luan gi lien quan den noi dung duoc neu?","Thông tin trong sample_02.md không được cung cấp, vì vậy không thể rút ra kết luận nào liên quan đến nội dung đó.",# Chính sách Công nghệ Thông tin — Sổ tay Nhân viên 2024 ## Chính sách Mật khẩu Mật khẩu tài khoản công ty phải được thay đổi mỗi 90 ngày.,reasoning,0.0,0.0,0.3333333333,1.0,"[""ức WireGuard với mã hóa AES-256. Kết nối VPN được cho phép tối đa 8 giờ liên tục, sau đó cần đăng nhập lại. Không được sử dụng VPN cá nhân trên thiết bị của công ty khi truy cập hệ thống nội bộ. ## Email và Liên lạc Email công ty chỉ được sử dụng cho mục đích công việc. Không được chuyển tiếp email nội bộ ra các địa chỉ email cá nhân. Dung lượng hộp thư tối đa là 25 GB. Tập tin đính kèm lớn hơn 25 MB phải được chia sẻ qua hệ thống lưu trữ đám mây nội bộ. ## Sao lưu Dữ liệu Dữ liệu công việc phải được lưu trên ổ đĩa mạng hoặc hệ thống đám mây được phê duyệt. Hệ thống tự động sao lưu dữ liệu hàng ngày lúc 2 giờ sáng. Nhân viên có trách nhiệm đảm bảo dữ liệu quan trọng được lưu đúng vị trí trước khi kết thúc ngày làm việc. ## Bảo mật Thông tin Thông tin khách hàng và dữ liệu kinh doanh bảo mật không được chia sẻ ra bên ngoài mà không có sự cho phép của quản lý cấp cao. Vi phạm bảo mật dữ li"", ""khách hàng và dữ liệu kinh doanh bảo mật không được chia sẻ ra bên ngoài mà không có sự cho phép của quản lý cấp cao. Vi phạm bảo mật dữ liệu có thể dẫn đến xử lý kỷ luật nghiêm khắc. Nhân viên phải báo cáo ngay lập tức bất kỳ sự cố bảo mật hoặc vi phạm dữ liệu nào cho bộ phận IT và quản lý trực tiếp."", ""# Chính sách Công nghệ Thông tin — Sổ tay Nhân viên 2024 ## Chính sách Mật khẩu Mật khẩu tài khoản công ty phải được thay đổi mỗi 90 ngày. Mật khẩu phải có độ dài tối thiểu 12 ký tự, bao gồm chữ hoa, chữ thường, số và ký tự đặc biệt. Không được sử dụng lại 5 mật khẩu gần nhất. Tài khoản sẽ bị khóa sau 5 lần đăng nhập thất bại liên tiếp. Liên hệ bộ phận IT để mở khóa tài khoản. ## Sử dụng Thiết bị Thiết bị do công ty cấp chỉ được sử dụng cho mục đích công việc. Nhân viên không được cài đặt phần mềm không được phê duyệt trên thiết bị của công ty. Trước khi rời công ty hoặc khi hỏng hóc, tất cả thiết bị phải được trả lại bộ phận IT trong vòng 2 ngày làm việc. ## VPN và Truy cập từ xa Nhân viên làm việc từ xa phải sử dụng VPN công ty. VPN sử dụng giao thức WireGuard với mã hóa AES-256. Kết nối VPN được cho phép tối đa 8 giờ liên tục, sau đó cần đăng nhập lại. Không được sử dụng VPN cá nhân t"", ""# Chính sách Nhân sự — Sổ tay Nhân viên 2024 ## Nghỉ phép năm Nhân viên chính thức được nghỉ phép năm 12 ngày làm việc mỗi năm. Số ngày nghỉ phép tăng thêm 1 ngày cho mỗi 5 năm thâm niên công tác, tối đa 20 ngày. Ngày nghỉ phép không sử dụng hết trong năm có thể chuyển sang năm tiếp theo, nhưng không quá 5 ngày. Nhân viên phải nộp đơn xin nghỉ phép trước ít nhất 3 ngày làm việc. ## Nghỉ phép không lương Nhân viên có thể xin nghỉ phép không lương tối đa 30 ngày mỗi năm. Đơn xin nghỉ phải được Giám đốc bộ phận phê duyệt bằng văn bản trước khi nghỉ. Nghỉ phép không lương quá 10 ngày liên tiếp phải được Giám đốc Điều hành phê duyệt. ## Nghỉ ốm Nhân viên được hưởng 10 ngày nghỉ ốm có lương mỗi năm. Cần nộp giấy xác nhận y tế từ cơ sở y tế được công nhận trong vòng 3 ngày làm việc kể từ ngày trở lại làm việc. Nghỉ ốm quá 3 ngày liên tiếp bắt buộc phải có giấy xác nhận của bác sĩ. ## Thời gian""]"
"Tu thong tin trong sample_02.md, co the rut ra ket luan gi lien quan den noi dung duoc neu?","Thông tin trong sample_02.md không được cung cấp, vì vậy không thể rút ra kết luận nào liên quan đến nội dung đó.",Không được sử dụng VPN cá nhân trên thiết bị của công ty khi truy cập hệ thống nội bộ.,reasoning,0.0,0.0,0.8333333332916666,1.0,"[""ức WireGuard với mã hóa AES-256. Kết nối VPN được cho phép tối đa 8 giờ liên tục, sau đó cần đăng nhập lại. Không được sử dụng VPN cá nhân trên thiết bị của công ty khi truy cập hệ thống nội bộ. ## Email và Liên lạc Email công ty chỉ được sử dụng cho mục đích công việc. Không được chuyển tiếp email nội bộ ra các địa chỉ email cá nhân. Dung lượng hộp thư tối đa là 25 GB. Tập tin đính kèm lớn hơn 25 MB phải được chia sẻ qua hệ thống lưu trữ đám mây nội bộ. ## Sao lưu Dữ liệu Dữ liệu công việc phải được lưu trên ổ đĩa mạng hoặc hệ thống đám mây được phê duyệt. Hệ thống tự động sao lưu dữ liệu hàng ngày lúc 2 giờ sáng. Nhân viên có trách nhiệm đảm bảo dữ liệu quan trọng được lưu đúng vị trí trước khi kết thúc ngày làm việc. ## Bảo mật Thông tin Thông tin khách hàng và dữ liệu kinh doanh bảo mật không được chia sẻ ra bên ngoài mà không có sự cho phép của quản lý cấp cao. Vi phạm bảo mật dữ li"", ""khách hàng và dữ liệu kinh doanh bảo mật không được chia sẻ ra bên ngoài mà không có sự cho phép của quản lý cấp cao. Vi phạm bảo mật dữ liệu có thể dẫn đến xử lý kỷ luật nghiêm khắc. Nhân viên phải báo cáo ngay lập tức bất kỳ sự cố bảo mật hoặc vi phạm dữ liệu nào cho bộ phận IT và quản lý trực tiếp."", ""# Chính sách Công nghệ Thông tin — Sổ tay Nhân viên 2024 ## Chính sách Mật khẩu Mật khẩu tài khoản công ty phải được thay đổi mỗi 90 ngày. Mật khẩu phải có độ dài tối thiểu 12 ký tự, bao gồm chữ hoa, chữ thường, số và ký tự đặc biệt. Không được sử dụng lại 5 mật khẩu gần nhất. Tài khoản sẽ bị khóa sau 5 lần đăng nhập thất bại liên tiếp. Liên hệ bộ phận IT để mở khóa tài khoản. ## Sử dụng Thiết bị Thiết bị do công ty cấp chỉ được sử dụng cho mục đích công việc. Nhân viên không được cài đặt phần mềm không được phê duyệt trên thiết bị của công ty. Trước khi rời công ty hoặc khi hỏng hóc, tất cả thiết bị phải được trả lại bộ phận IT trong vòng 2 ngày làm việc. ## VPN và Truy cập từ xa Nhân viên làm việc từ xa phải sử dụng VPN công ty. VPN sử dụng giao thức WireGuard với mã hóa AES-256. Kết nối VPN được cho phép tối đa 8 giờ liên tục, sau đó cần đăng nhập lại. Không được sử dụng VPN cá nhân t"", ""# Chính sách Nhân sự — Sổ tay Nhân viên 2024 ## Nghỉ phép năm Nhân viên chính thức được nghỉ phép năm 12 ngày làm việc mỗi năm. Số ngày nghỉ phép tăng thêm 1 ngày cho mỗi 5 năm thâm niên công tác, tối đa 20 ngày. Ngày nghỉ phép không sử dụng hết trong năm có thể chuyển sang năm tiếp theo, nhưng không quá 5 ngày. Nhân viên phải nộp đơn xin nghỉ phép trước ít nhất 3 ngày làm việc. ## Nghỉ phép không lương Nhân viên có thể xin nghỉ phép không lương tối đa 30 ngày mỗi năm. Đơn xin nghỉ phải được Giám đốc bộ phận phê duyệt bằng văn bản trước khi nghỉ. Nghỉ phép không lương quá 10 ngày liên tiếp phải được Giám đốc Điều hành phê duyệt. ## Nghỉ ốm Nhân viên được hưởng 10 ngày nghỉ ốm có lương mỗi năm. Cần nộp giấy xác nhận y tế từ cơ sở y tế được công nhận trong vòng 3 ngày làm việc kể từ ngày trở lại làm việc. Nghỉ ốm quá 3 ngày liên tiếp bắt buộc phải có giấy xác nhận của bác sĩ. ## Thời gian""]"
"Tu thong tin trong sample_02.md, co the rut ra ket luan gi lien quan den noi dung duoc neu?","Thông tin trong sample_02.md không được cung cấp, vì vậy không thể rút ra kết luận nào liên quan đến nội dung đó.",khách hàng và dữ liệu kinh doanh bảo mật không được chia sẻ ra bên ngoài mà không có sự cho phép của quản lý cấp cao.,reasoning,0.0,0.0,0.99999999995,1.0,"[""ức WireGuard với mã hóa AES-256. Kết nối VPN được cho phép tối đa 8 giờ liên tục, sau đó cần đăng nhập lại. Không được sử dụng VPN cá nhân trên thiết bị của công ty khi truy cập hệ thống nội bộ. ## Email và Liên lạc Email công ty chỉ được sử dụng cho mục đích công việc. Không được chuyển tiếp email nội bộ ra các địa chỉ email cá nhân. Dung lượng hộp thư tối đa là 25 GB. Tập tin đính kèm lớn hơn 25 MB phải được chia sẻ qua hệ thống lưu trữ đám mây nội bộ. ## Sao lưu Dữ liệu Dữ liệu công việc phải được lưu trên ổ đĩa mạng hoặc hệ thống đám mây được phê duyệt. Hệ thống tự động sao lưu dữ liệu hàng ngày lúc 2 giờ sáng. Nhân viên có trách nhiệm đảm bảo dữ liệu quan trọng được lưu đúng vị trí trước khi kết thúc ngày làm việc. ## Bảo mật Thông tin Thông tin khách hàng và dữ liệu kinh doanh bảo mật không được chia sẻ ra bên ngoài mà không có sự cho phép của quản lý cấp cao. Vi phạm bảo mật dữ li"", ""khách hàng và dữ liệu kinh doanh bảo mật không được chia sẻ ra bên ngoài mà không có sự cho phép của quản lý cấp cao. Vi phạm bảo mật dữ liệu có thể dẫn đến xử lý kỷ luật nghiêm khắc. Nhân viên phải báo cáo ngay lập tức bất kỳ sự cố bảo mật hoặc vi phạm dữ liệu nào cho bộ phận IT và quản lý trực tiếp."", ""# Chính sách Công nghệ Thông tin — Sổ tay Nhân viên 2024 ## Chính sách Mật khẩu Mật khẩu tài khoản công ty phải được thay đổi mỗi 90 ngày. Mật khẩu phải có độ dài tối thiểu 12 ký tự, bao gồm chữ hoa, chữ thường, số và ký tự đặc biệt. Không được sử dụng lại 5 mật khẩu gần nhất. Tài khoản sẽ bị khóa sau 5 lần đăng nhập thất bại liên tiếp. Liên hệ bộ phận IT để mở khóa tài khoản. ## Sử dụng Thiết bị Thiết bị do công ty cấp chỉ được sử dụng cho mục đích công việc. Nhân viên không được cài đặt phần mềm không được phê duyệt trên thiết bị của công ty. Trước khi rời công ty hoặc khi hỏng hóc, tất cả thiết bị phải được trả lại bộ phận IT trong vòng 2 ngày làm việc. ## VPN và Truy cập từ xa Nhân viên làm việc từ xa phải sử dụng VPN công ty. VPN sử dụng giao thức WireGuard với mã hóa AES-256. Kết nối VPN được cho phép tối đa 8 giờ liên tục, sau đó cần đăng nhập lại. Không được sử dụng VPN cá nhân t"", ""# Chính sách Nhân sự — Sổ tay Nhân viên 2024 ## Nghỉ phép năm Nhân viên chính thức được nghỉ phép năm 12 ngày làm việc mỗi năm. Số ngày nghỉ phép tăng thêm 1 ngày cho mỗi 5 năm thâm niên công tác, tối đa 20 ngày. Ngày nghỉ phép không sử dụng hết trong năm có thể chuyển sang năm tiếp theo, nhưng không quá 5 ngày. Nhân viên phải nộp đơn xin nghỉ phép trước ít nhất 3 ngày làm việc. ## Nghỉ phép không lương Nhân viên có thể xin nghỉ phép không lương tối đa 30 ngày mỗi năm. Đơn xin nghỉ phải được Giám đốc bộ phận phê duyệt bằng văn bản trước khi nghỉ. Nghỉ phép không lương quá 10 ngày liên tiếp phải được Giám đốc Điều hành phê duyệt. ## Nghỉ ốm Nhân viên được hưởng 10 ngày nghỉ ốm có lương mỗi năm. Cần nộp giấy xác nhận y tế từ cơ sở y tế được công nhận trong vòng 3 ngày làm việc kể từ ngày trở lại làm việc. Nghỉ ốm quá 3 ngày liên tiếp bắt buộc phải có giấy xác nhận của bác sĩ. ## Thời gian""]"
"Tu thong tin trong sample_03.md, co the rut ra ket luan gi lien quan den noi dung duoc neu?","Thông tin trong sample_03.md cho thấy các chính sách liên quan đến công nghệ thông tin và nhân sự của công ty, bao gồm quy định về sử dụng VPN, mật khẩu, thiết bị, nghỉ phép và nghỉ ốm. Các quy định này nhằm đảm bảo an ninh thông tin, bảo mật dữ liệu và quyền lợi của nhân viên. Nhân viên cần tuân thủ nghiêm ngặt các quy định này để tránh vi phạm và xử lý kỷ luật.",# Chính sách Tài chính và Chi phí — Sổ tay Nhân viên 2024 ## Phụ cấp đi lại Nhân viên sử dụng phương tiện cá nhân cho công việc được hoàn trả 3.500 VNĐ/km.,reasoning,0.8571428571428571,0.2885593410087887,0.0,0.0,"[""ức WireGuard với mã hóa AES-256. Kết nối VPN được cho phép tối đa 8 giờ liên tục, sau đó cần đăng nhập lại. Không được sử dụng VPN cá nhân trên thiết bị của công ty khi truy cập hệ thống nội bộ. ## Email và Liên lạc Email công ty chỉ được sử dụng cho mục đích công việc. Không được chuyển tiếp email nội bộ ra các địa chỉ email cá nhân. Dung lượng hộp thư tối đa là 25 GB. Tập tin đính kèm lớn hơn 25 MB phải được chia sẻ qua hệ thống lưu trữ đám mây nội bộ. ## Sao lưu Dữ liệu Dữ liệu công việc phải được lưu trên ổ đĩa mạng hoặc hệ thống đám mây được phê duyệt. Hệ thống tự động sao lưu dữ liệu hàng ngày lúc 2 giờ sáng. Nhân viên có trách nhiệm đảm bảo dữ liệu quan trọng được lưu đúng vị trí trước khi kết thúc ngày làm việc. ## Bảo mật Thông tin Thông tin khách hàng và dữ liệu kinh doanh bảo mật không được chia sẻ ra bên ngoài mà không có sự cho phép của quản lý cấp cao. Vi phạm bảo mật dữ li"", ""khách hàng và dữ liệu kinh doanh bảo mật không được chia sẻ ra bên ngoài mà không có sự cho phép của quản lý cấp cao. Vi phạm bảo mật dữ liệu có thể dẫn đến xử lý kỷ luật nghiêm khắc. Nhân viên phải báo cáo ngay lập tức bất kỳ sự cố bảo mật hoặc vi phạm dữ liệu nào cho bộ phận IT và quản lý trực tiếp."", ""# Chính sách Công nghệ Thông tin — Sổ tay Nhân viên 2024 ## Chính sách Mật khẩu Mật khẩu tài khoản công ty phải được thay đổi mỗi 90 ngày. Mật khẩu phải có độ dài tối thiểu 12 ký tự, bao gồm chữ hoa, chữ thường, số và ký tự đặc biệt. Không được sử dụng lại 5 mật khẩu gần nhất. Tài khoản sẽ bị khóa sau 5 lần đăng nhập thất bại liên tiếp. Liên hệ bộ phận IT để mở khóa tài khoản. ## Sử dụng Thiết bị Thiết bị do công ty cấp chỉ được sử dụng cho mục đích công việc. Nhân viên không được cài đặt phần mềm không được phê duyệt trên thiết bị của công ty. Trước khi rời công ty hoặc khi hỏng hóc, tất cả thiết bị phải được trả lại bộ phận IT trong vòng 2 ngày làm việc. ## VPN và Truy cập từ xa Nhân viên làm việc từ xa phải sử dụng VPN công ty. VPN sử dụng giao thức WireGuard với mã hóa AES-256. Kết nối VPN được cho phép tối đa 8 giờ liên tục, sau đó cần đăng nhập lại. Không được sử dụng VPN cá nhân t"", ""# Chính sách Nhân sự — Sổ tay Nhân viên 2024 ## Nghỉ phép năm Nhân viên chính thức được nghỉ phép năm 12 ngày làm việc mỗi năm. Số ngày nghỉ phép tăng thêm 1 ngày cho mỗi 5 năm thâm niên công tác, tối đa 20 ngày. Ngày nghỉ phép không sử dụng hết trong năm có thể chuyển sang năm tiếp theo, nhưng không quá 5 ngày. Nhân viên phải nộp đơn xin nghỉ phép trước ít nhất 3 ngày làm việc. ## Nghỉ phép không lương Nhân viên có thể xin nghỉ phép không lương tối đa 30 ngày mỗi năm. Đơn xin nghỉ phải được Giám đốc bộ phận phê duyệt bằng văn bản trước khi nghỉ. Nghỉ phép không lương quá 10 ngày liên tiếp phải được Giám đốc Điều hành phê duyệt. ## Nghỉ ốm Nhân viên được hưởng 10 ngày nghỉ ốm có lương mỗi năm. Cần nộp giấy xác nhận y tế từ cơ sở y tế được công nhận trong vòng 3 ngày làm việc kể từ ngày trở lại làm việc. Nghỉ ốm quá 3 ngày liên tiếp bắt buộc phải có giấy xác nhận của bác sĩ. ## Thời gian""]"
"Tu thong tin trong sample_03.md, co the rut ra ket luan gi lien quan den noi dung duoc neu?","Thông tin trong sample_03.md không được cung cấp, vì vậy không thể rút ra kết luận nào liên quan đến nội dung đó.",Hóa đơn VAT hoặc chứng từ hợp lệ là bắt buộc cho mọi khoản chi phí trên 200.000 VNĐ.,reasoning,0.0,0.0,0.0,0.0,"[""ức WireGuard với mã hóa AES-256. Kết nối VPN được cho phép tối đa 8 giờ liên tục, sau đó cần đăng nhập lại. Không được sử dụng VPN cá nhân trên thiết bị của công ty khi truy cập hệ thống nội bộ. ## Email và Liên lạc Email công ty chỉ được sử dụng cho mục đích công việc. Không được chuyển tiếp email nội bộ ra các địa chỉ email cá nhân. Dung lượng hộp thư tối đa là 25 GB. Tập tin đính kèm lớn hơn 25 MB phải được chia sẻ qua hệ thống lưu trữ đám mây nội bộ. ## Sao lưu Dữ liệu Dữ liệu công việc phải được lưu trên ổ đĩa mạng hoặc hệ thống đám mây được phê duyệt. Hệ thống tự động sao lưu dữ liệu hàng ngày lúc 2 giờ sáng. Nhân viên có trách nhiệm đảm bảo dữ liệu quan trọng được lưu đúng vị trí trước khi kết thúc ngày làm việc. ## Bảo mật Thông tin Thông tin khách hàng và dữ liệu kinh doanh bảo mật không được chia sẻ ra bên ngoài mà không có sự cho phép của quản lý cấp cao. Vi phạm bảo mật dữ li"", ""khách hàng và dữ liệu kinh doanh bảo mật không được chia sẻ ra bên ngoài mà không có sự cho phép của quản lý cấp cao. Vi phạm bảo mật dữ liệu có thể dẫn đến xử lý kỷ luật nghiêm khắc. Nhân viên phải báo cáo ngay lập tức bất kỳ sự cố bảo mật hoặc vi phạm dữ liệu nào cho bộ phận IT và quản lý trực tiếp."", ""# Chính sách Công nghệ Thông tin — Sổ tay Nhân viên 2024 ## Chính sách Mật khẩu Mật khẩu tài khoản công ty phải được thay đổi mỗi 90 ngày. Mật khẩu phải có độ dài tối thiểu 12 ký tự, bao gồm chữ hoa, chữ thường, số và ký tự đặc biệt. Không được sử dụng lại 5 mật khẩu gần nhất. Tài khoản sẽ bị khóa sau 5 lần đăng nhập thất bại liên tiếp. Liên hệ bộ phận IT để mở khóa tài khoản. ## Sử dụng Thiết bị Thiết bị do công ty cấp chỉ được sử dụng cho mục đích công việc. Nhân viên không được cài đặt phần mềm không được phê duyệt trên thiết bị của công ty. Trước khi rời công ty hoặc khi hỏng hóc, tất cả thiết bị phải được trả lại bộ phận IT trong vòng 2 ngày làm việc. ## VPN và Truy cập từ xa Nhân viên làm việc từ xa phải sử dụng VPN công ty. VPN sử dụng giao thức WireGuard với mã hóa AES-256. Kết nối VPN được cho phép tối đa 8 giờ liên tục, sau đó cần đăng nhập lại. Không được sử dụng VPN cá nhân t"", ""# Chính sách Nhân sự — Sổ tay Nhân viên 2024 ## Nghỉ phép năm Nhân viên chính thức được nghỉ phép năm 12 ngày làm việc mỗi năm. Số ngày nghỉ phép tăng thêm 1 ngày cho mỗi 5 năm thâm niên công tác, tối đa 20 ngày. Ngày nghỉ phép không sử dụng hết trong năm có thể chuyển sang năm tiếp theo, nhưng không quá 5 ngày. Nhân viên phải nộp đơn xin nghỉ phép trước ít nhất 3 ngày làm việc. ## Nghỉ phép không lương Nhân viên có thể xin nghỉ phép không lương tối đa 30 ngày mỗi năm. Đơn xin nghỉ phải được Giám đốc bộ phận phê duyệt bằng văn bản trước khi nghỉ. Nghỉ phép không lương quá 10 ngày liên tiếp phải được Giám đốc Điều hành phê duyệt. ## Nghỉ ốm Nhân viên được hưởng 10 ngày nghỉ ốm có lương mỗi năm. Cần nộp giấy xác nhận y tế từ cơ sở y tế được công nhận trong vòng 3 ngày làm việc kể từ ngày trở lại làm việc. Nghỉ ốm quá 3 ngày liên tiếp bắt buộc phải có giấy xác nhận của bác sĩ. ## Thời gian""]"
"Tu thong tin trong sample_03.md, co the rut ra ket luan gi lien quan den noi dung duoc neu?","Thông tin trong sample_03.md cho thấy các chính sách liên quan đến công nghệ thông tin và nhân sự của công ty. Các điểm chính bao gồm:

1. **Chính sách VPN**: Nhân viên phải sử dụng VPN công ty với mã hóa AES-256, kết nối tối đa 8 giờ và không được sử dụng VPN cá nhân.
2. **Chính sách email**: Email công ty chỉ dùng cho công việc, không được chuyển tiếp ra email cá nhân, và dung lượng tối đa là 25 GB.
3. **Chính sách bảo mật dữ liệu**: Thông tin khách hàng và dữ liệu kinh doanh không được chia sẻ ra ngoài mà không có sự cho phép, vi phạm có thể dẫn đến xử lý kỷ luật.
4. **Chính sách mật khẩu**: Mật khẩu phải được thay đổi mỗi 90 ngày, có độ dài tối thiểu 12 ký tự và không được sử dụng lại 5 mật khẩu gần nhất.
5. **Chính sách nghỉ phép**: Nhân viên có quyền nghỉ phép năm, nghỉ phép không lương và nghỉ ốm có lương với các quy định cụ thể.

Kết luận, công ty có các quy định nghiêm ngặt về bảo mật thông tin",Nhân viên phải cam kết làm việc tối thiểu 1 năm sau khi được hỗ trợ đào tạo có giá trị trên 5.000.000 VNĐ.,reasoning,1.0,0.13285530287130012,0.0,0.0,"[""ức WireGuard với mã hóa AES-256. Kết nối VPN được cho phép tối đa 8 giờ liên tục, sau đó cần đăng nhập lại. Không được sử dụng VPN cá nhân trên thiết bị của công ty khi truy cập hệ thống nội bộ. ## Email và Liên lạc Email công ty chỉ được sử dụng cho mục đích công việc. Không được chuyển tiếp email nội bộ ra các địa chỉ email cá nhân. Dung lượng hộp thư tối đa là 25 GB. Tập tin đính kèm lớn hơn 25 MB phải được chia sẻ qua hệ thống lưu trữ đám mây nội bộ. ## Sao lưu Dữ liệu Dữ liệu công việc phải được lưu trên ổ đĩa mạng hoặc hệ thống đám mây được phê duyệt. Hệ thống tự động sao lưu dữ liệu hàng ngày lúc 2 giờ sáng. Nhân viên có trách nhiệm đảm bảo dữ liệu quan trọng được lưu đúng vị trí trước khi kết thúc ngày làm việc. ## Bảo mật Thông tin Thông tin khách hàng và dữ liệu kinh doanh bảo mật không được chia sẻ ra bên ngoài mà không có sự cho phép của quản lý cấp cao. Vi phạm bảo mật dữ li"", ""khách hàng và dữ liệu kinh doanh bảo mật không được chia sẻ ra bên ngoài mà không có sự cho phép của quản lý cấp cao. Vi phạm bảo mật dữ liệu có thể dẫn đến xử lý kỷ luật nghiêm khắc. Nhân viên phải báo cáo ngay lập tức bất kỳ sự cố bảo mật hoặc vi phạm dữ liệu nào cho bộ phận IT và quản lý trực tiếp."", ""# Chính sách Công nghệ Thông tin — Sổ tay Nhân viên 2024 ## Chính sách Mật khẩu Mật khẩu tài khoản công ty phải được thay đổi mỗi 90 ngày. Mật khẩu phải có độ dài tối thiểu 12 ký tự, bao gồm chữ hoa, chữ thường, số và ký tự đặc biệt. Không được sử dụng lại 5 mật khẩu gần nhất. Tài khoản sẽ bị khóa sau 5 lần đăng nhập thất bại liên tiếp. Liên hệ bộ phận IT để mở khóa tài khoản. ## Sử dụng Thiết bị Thiết bị do công ty cấp chỉ được sử dụng cho mục đích công việc. Nhân viên không được cài đặt phần mềm không được phê duyệt trên thiết bị của công ty. Trước khi rời công ty hoặc khi hỏng hóc, tất cả thiết bị phải được trả lại bộ phận IT trong vòng 2 ngày làm việc. ## VPN và Truy cập từ xa Nhân viên làm việc từ xa phải sử dụng VPN công ty. VPN sử dụng giao thức WireGuard với mã hóa AES-256. Kết nối VPN được cho phép tối đa 8 giờ liên tục, sau đó cần đăng nhập lại. Không được sử dụng VPN cá nhân t"", ""# Chính sách Nhân sự — Sổ tay Nhân viên 2024 ## Nghỉ phép năm Nhân viên chính thức được nghỉ phép năm 12 ngày làm việc mỗi năm. Số ngày nghỉ phép tăng thêm 1 ngày cho mỗi 5 năm thâm niên công tác, tối đa 20 ngày. Ngày nghỉ phép không sử dụng hết trong năm có thể chuyển sang năm tiếp theo, nhưng không quá 5 ngày. Nhân viên phải nộp đơn xin nghỉ phép trước ít nhất 3 ngày làm việc. ## Nghỉ phép không lương Nhân viên có thể xin nghỉ phép không lương tối đa 30 ngày mỗi năm. Đơn xin nghỉ phải được Giám đốc bộ phận phê duyệt bằng văn bản trước khi nghỉ. Nghỉ phép không lương quá 10 ngày liên tiếp phải được Giám đốc Điều hành phê duyệt. ## Nghỉ ốm Nhân viên được hưởng 10 ngày nghỉ ốm có lương mỗi năm. Cần nộp giấy xác nhận y tế từ cơ sở y tế được công nhận trong vòng 3 ngày làm việc kể từ ngày trở lại làm việc. Nghỉ ốm quá 3 ngày liên tiếp bắt buộc phải có giấy xác nhận của bác sĩ. ## Thời gian""]"
"Tu thong tin trong sample_01.md, co the rut ra ket luan gi lien quan den noi dung duoc neu?","Thông tin trong sample_01.md cho thấy các chính sách và quy định liên quan đến công nghệ thông tin và nhân sự trong công ty. Các điểm chính bao gồm:

1. **VPN và Bảo mật**: Nhân viên phải sử dụng VPN công ty với mã hóa AES-256 và không được sử dụng VPN cá nhân. Kết nối VPN có giới hạn thời gian.

2. **Email và Liên lạc**: Email công ty chỉ dùng cho công việc, không được chuyển tiếp ra email cá nhân, và có giới hạn dung lượng.

3. **Sao lưu Dữ liệu**: Dữ liệu công việc phải được lưu trữ đúng cách và có hệ thống sao lưu tự động hàng ngày.

4. **Chính sách Mật khẩu**: Mật khẩu tài khoản công ty phải được thay đổi định kỳ và có yêu cầu về độ phức tạp.

5. **Nghỉ phép**: Nhân viên có quyền nghỉ phép năm, nghỉ không lương và nghỉ ốm với các quy định cụ thể.

Các quy định này nhằm đảm bảo an toàn thông tin, bảo mật dữ liệu và quản lý nhân sự hiệu quả trong công ty.",# Chính sách Nhân sự — Sổ tay Nhân viên 2024 ## Nghỉ phép năm Nhân viên chính thức được nghỉ phép năm 12 ngày làm việc mỗi năm.,reasoning,1.0,0.3157867592730472,0.249999999975,1.0,"[""ức WireGuard với mã hóa AES-256. Kết nối VPN được cho phép tối đa 8 giờ liên tục, sau đó cần đăng nhập lại. Không được sử dụng VPN cá nhân trên thiết bị của công ty khi truy cập hệ thống nội bộ. ## Email và Liên lạc Email công ty chỉ được sử dụng cho mục đích công việc. Không được chuyển tiếp email nội bộ ra các địa chỉ email cá nhân. Dung lượng hộp thư tối đa là 25 GB. Tập tin đính kèm lớn hơn 25 MB phải được chia sẻ qua hệ thống lưu trữ đám mây nội bộ. ## Sao lưu Dữ liệu Dữ liệu công việc phải được lưu trên ổ đĩa mạng hoặc hệ thống đám mây được phê duyệt. Hệ thống tự động sao lưu dữ liệu hàng ngày lúc 2 giờ sáng. Nhân viên có trách nhiệm đảm bảo dữ liệu quan trọng được lưu đúng vị trí trước khi kết thúc ngày làm việc. ## Bảo mật Thông tin Thông tin khách hàng và dữ liệu kinh doanh bảo mật không được chia sẻ ra bên ngoài mà không có sự cho phép của quản lý cấp cao. Vi phạm bảo mật dữ li"", ""khách hàng và dữ liệu kinh doanh bảo mật không được chia sẻ ra bên ngoài mà không có sự cho phép của quản lý cấp cao. Vi phạm bảo mật dữ liệu có thể dẫn đến xử lý kỷ luật nghiêm khắc. Nhân viên phải báo cáo ngay lập tức bất kỳ sự cố bảo mật hoặc vi phạm dữ liệu nào cho bộ phận IT và quản lý trực tiếp."", ""# Chính sách Công nghệ Thông tin — Sổ tay Nhân viên 2024 ## Chính sách Mật khẩu Mật khẩu tài khoản công ty phải được thay đổi mỗi 90 ngày. Mật khẩu phải có độ dài tối thiểu 12 ký tự, bao gồm chữ hoa, chữ thường, số và ký tự đặc biệt. Không được sử dụng lại 5 mật khẩu gần nhất. Tài khoản sẽ bị khóa sau 5 lần đăng nhập thất bại liên tiếp. Liên hệ bộ phận IT để mở khóa tài khoản. ## Sử dụng Thiết bị Thiết bị do công ty cấp chỉ được sử dụng cho mục đích công việc. Nhân viên không được cài đặt phần mềm không được phê duyệt trên thiết bị của công ty. Trước khi rời công ty hoặc khi hỏng hóc, tất cả thiết bị phải được trả lại bộ phận IT trong vòng 2 ngày làm việc. ## VPN và Truy cập từ xa Nhân viên làm việc từ xa phải sử dụng VPN công ty. VPN sử dụng giao thức WireGuard với mã hóa AES-256. Kết nối VPN được cho phép tối đa 8 giờ liên tục, sau đó cần đăng nhập lại. Không được sử dụng VPN cá nhân t"", ""# Chính sách Nhân sự — Sổ tay Nhân viên 2024 ## Nghỉ phép năm Nhân viên chính thức được nghỉ phép năm 12 ngày làm việc mỗi năm. Số ngày nghỉ phép tăng thêm 1 ngày cho mỗi 5 năm thâm niên công tác, tối đa 20 ngày. Ngày nghỉ phép không sử dụng hết trong năm có thể chuyển sang năm tiếp theo, nhưng không quá 5 ngày. Nhân viên phải nộp đơn xin nghỉ phép trước ít nhất 3 ngày làm việc. ## Nghỉ phép không lương Nhân viên có thể xin nghỉ phép không lương tối đa 30 ngày mỗi năm. Đơn xin nghỉ phải được Giám đốc bộ phận phê duyệt bằng văn bản trước khi nghỉ. Nghỉ phép không lương quá 10 ngày liên tiếp phải được Giám đốc Điều hành phê duyệt. ## Nghỉ ốm Nhân viên được hưởng 10 ngày nghỉ ốm có lương mỗi năm. Cần nộp giấy xác nhận y tế từ cơ sở y tế được công nhận trong vòng 3 ngày làm việc kể từ ngày trở lại làm việc. Nghỉ ốm quá 3 ngày liên tiếp bắt buộc phải có giấy xác nhận của bác sĩ. ## Thời gian""]"
"Tu thong tin trong sample_01.md, co the rut ra ket luan gi lien quan den noi dung duoc neu?","Thông tin trong sample_01.md cho thấy các chính sách và quy định liên quan đến công nghệ thông tin và nhân sự trong công ty. Các điểm chính bao gồm:

1. **VPN và Bảo mật**: Nhân viên phải sử dụng VPN công ty với mã hóa AES-256, không được sử dụng VPN cá nhân và cần đăng nhập lại sau 8 giờ.
2. **Email và Liên lạc**: Email công ty chỉ dùng cho công việc, không được chuyển tiếp ra email cá nhân, và dung lượng tối đa là 25 GB.
3. **Sao lưu Dữ liệu**: Dữ liệu công việc phải được lưu trữ đúng cách và hệ thống tự động sao lưu hàng ngày.
4. **Chính sách Mật khẩu**: Mật khẩu phải được thay đổi mỗi 90 ngày và có yêu cầu độ phức tạp cao.
5. **Nghỉ phép**: Nhân viên có quyền nghỉ phép năm, nghỉ không lương và nghỉ ốm với các quy định cụ thể.

Tóm lại, công ty có các quy định nghiêm ngặt về bảo mật thông tin, sử dụng thiết bị và quản lý thời gian nghỉ phép của nhân viên.",## Thời gian thử việc Thời gian thử việc là 60 ngày đối với nhân viên bậc cao và 30 ngày đối với nhân viên thông thường.,reasoning,1.0,0.25420912858433903,0.0,0.0,"[""ức WireGuard với mã hóa AES-256. Kết nối VPN được cho phép tối đa 8 giờ liên tục, sau đó cần đăng nhập lại. Không được sử dụng VPN cá nhân trên thiết bị của công ty khi truy cập hệ thống nội bộ. ## Email và Liên lạc Email công ty chỉ được sử dụng cho mục đích công việc. Không được chuyển tiếp email nội bộ ra các địa chỉ email cá nhân. Dung lượng hộp thư tối đa là 25 GB. Tập tin đính kèm lớn hơn 25 MB phải được chia sẻ qua hệ thống lưu trữ đám mây nội bộ. ## Sao lưu Dữ liệu Dữ liệu công việc phải được lưu trên ổ đĩa mạng hoặc hệ thống đám mây được phê duyệt. Hệ thống tự động sao lưu dữ liệu hàng ngày lúc 2 giờ sáng. Nhân viên có trách nhiệm đảm bảo dữ liệu quan trọng được lưu đúng vị trí trước khi kết thúc ngày làm việc. ## Bảo mật Thông tin Thông tin khách hàng và dữ liệu kinh doanh bảo mật không được chia sẻ ra bên ngoài mà không có sự cho phép của quản lý cấp cao. Vi phạm bảo mật dữ li"", ""khách hàng và dữ liệu kinh doanh bảo mật không được chia sẻ ra bên ngoài mà không có sự cho phép của quản lý cấp cao. Vi phạm bảo mật dữ liệu có thể dẫn đến xử lý kỷ luật nghiêm khắc. Nhân viên phải báo cáo ngay lập tức bất kỳ sự cố bảo mật hoặc vi phạm dữ liệu nào cho bộ phận IT và quản lý trực tiếp."", ""# Chính sách Công nghệ Thông tin — Sổ tay Nhân viên 2024 ## Chính sách Mật khẩu Mật khẩu tài khoản công ty phải được thay đổi mỗi 90 ngày. Mật khẩu phải có độ dài tối thiểu 12 ký tự, bao gồm chữ hoa, chữ thường, số và ký tự đặc biệt. Không được sử dụng lại 5 mật khẩu gần nhất. Tài khoản sẽ bị khóa sau 5 lần đăng nhập thất bại liên tiếp. Liên hệ bộ phận IT để mở khóa tài khoản. ## Sử dụng Thiết bị Thiết bị do công ty cấp chỉ được sử dụng cho mục đích công việc. Nhân viên không được cài đặt phần mềm không được phê duyệt trên thiết bị của công ty. Trước khi rời công ty hoặc khi hỏng hóc, tất cả thiết bị phải được trả lại bộ phận IT trong vòng 2 ngày làm việc. ## VPN và Truy cập từ xa Nhân viên làm việc từ xa phải sử dụng VPN công ty. VPN sử dụng giao thức WireGuard với mã hóa AES-256. Kết nối VPN được cho phép tối đa 8 giờ liên tục, sau đó cần đăng nhập lại. Không được sử dụng VPN cá nhân t"", ""# Chính sách Nhân sự — Sổ tay Nhân viên 2024 ## Nghỉ phép năm Nhân viên chính thức được nghỉ phép năm 12 ngày làm việc mỗi năm. Số ngày nghỉ phép tăng thêm 1 ngày cho mỗi 5 năm thâm niên công tác, tối đa 20 ngày. Ngày nghỉ phép không sử dụng hết trong năm có thể chuyển sang năm tiếp theo, nhưng không quá 5 ngày. Nhân viên phải nộp đơn xin nghỉ phép trước ít nhất 3 ngày làm việc. ## Nghỉ phép không lương Nhân viên có thể xin nghỉ phép không lương tối đa 30 ngày mỗi năm. Đơn xin nghỉ phải được Giám đốc bộ phận phê duyệt bằng văn bản trước khi nghỉ. Nghỉ phép không lương quá 10 ngày liên tiếp phải được Giám đốc Điều hành phê duyệt. ## Nghỉ ốm Nhân viên được hưởng 10 ngày nghỉ ốm có lương mỗi năm. Cần nộp giấy xác nhận y tế từ cơ sở y tế được công nhận trong vòng 3 ngày làm việc kể từ ngày trở lại làm việc. Nghỉ ốm quá 3 ngày liên tiếp bắt buộc phải có giấy xác nhận của bác sĩ. ## Thời gian""]"
So sanh hoac lien ket thong tin giua sample_01.md va sample_03.md?,"Thông tin trong sample_01.md và sample_03.md đều liên quan đến chính sách của công ty nhưng tập trung vào các khía cạnh khác nhau. 

- **sample_01.md**: Tập trung vào chính sách công nghệ thông tin, bao gồm quy định về sử dụng VPN, mật khẩu, thiết bị, và bảo mật thông tin. Nó quy định cách thức làm việc từ xa, bảo mật dữ liệu và quy trình sao lưu.

- **sample_03.md**: Tập trung vào chính sách nhân sự, bao gồm quy định về nghỉ phép, thời gian thử việc, lương và phúc lợi. Nó quy định số ngày nghỉ phép, quy trình xin nghỉ và các chế độ phúc lợi cho nhân viên.

Cả hai tài liệu đều nhấn mạnh tầm quan trọng của việc tuân thủ quy định để bảo vệ lợi ích của công ty và nhân viên.",## Đánh giá hiệu suất Đánh giá hiệu suất được thực hiện 2 lần/năm: tháng 6 và tháng 12. ... Nhân viên phải cam kết làm việc tối thiểu 1 năm sau khi được hỗ trợ đào tạo có giá trị trên 5.000.000 VNĐ.,multi_context,0.9230769230769231,0.5449556601593187,0.249999999975,0.5,"[""ức WireGuard với mã hóa AES-256. Kết nối VPN được cho phép tối đa 8 giờ liên tục, sau đó cần đăng nhập lại. Không được sử dụng VPN cá nhân trên thiết bị của công ty khi truy cập hệ thống nội bộ. ## Email và Liên lạc Email công ty chỉ được sử dụng cho mục đích công việc. Không được chuyển tiếp email nội bộ ra các địa chỉ email cá nhân. Dung lượng hộp thư tối đa là 25 GB. Tập tin đính kèm lớn hơn 25 MB phải được chia sẻ qua hệ thống lưu trữ đám mây nội bộ. ## Sao lưu Dữ liệu Dữ liệu công việc phải được lưu trên ổ đĩa mạng hoặc hệ thống đám mây được phê duyệt. Hệ thống tự động sao lưu dữ liệu hàng ngày lúc 2 giờ sáng. Nhân viên có trách nhiệm đảm bảo dữ liệu quan trọng được lưu đúng vị trí trước khi kết thúc ngày làm việc. ## Bảo mật Thông tin Thông tin khách hàng và dữ liệu kinh doanh bảo mật không được chia sẻ ra bên ngoài mà không có sự cho phép của quản lý cấp cao. Vi phạm bảo mật dữ li"", ""# Chính sách Công nghệ Thông tin — Sổ tay Nhân viên 2024 ## Chính sách Mật khẩu Mật khẩu tài khoản công ty phải được thay đổi mỗi 90 ngày. Mật khẩu phải có độ dài tối thiểu 12 ký tự, bao gồm chữ hoa, chữ thường, số và ký tự đặc biệt. Không được sử dụng lại 5 mật khẩu gần nhất. Tài khoản sẽ bị khóa sau 5 lần đăng nhập thất bại liên tiếp. Liên hệ bộ phận IT để mở khóa tài khoản. ## Sử dụng Thiết bị Thiết bị do công ty cấp chỉ được sử dụng cho mục đích công việc. Nhân viên không được cài đặt phần mềm không được phê duyệt trên thiết bị của công ty. Trước khi rời công ty hoặc khi hỏng hóc, tất cả thiết bị phải được trả lại bộ phận IT trong vòng 2 ngày làm việc. ## VPN và Truy cập từ xa Nhân viên làm việc từ xa phải sử dụng VPN công ty. VPN sử dụng giao thức WireGuard với mã hóa AES-256. Kết nối VPN được cho phép tối đa 8 giờ liên tục, sau đó cần đăng nhập lại. Không được sử dụng VPN cá nhân t"", ""# Chính sách Nhân sự — Sổ tay Nhân viên 2024 ## Nghỉ phép năm Nhân viên chính thức được nghỉ phép năm 12 ngày làm việc mỗi năm. Số ngày nghỉ phép tăng thêm 1 ngày cho mỗi 5 năm thâm niên công tác, tối đa 20 ngày. Ngày nghỉ phép không sử dụng hết trong năm có thể chuyển sang năm tiếp theo, nhưng không quá 5 ngày. Nhân viên phải nộp đơn xin nghỉ phép trước ít nhất 3 ngày làm việc. ## Nghỉ phép không lương Nhân viên có thể xin nghỉ phép không lương tối đa 30 ngày mỗi năm. Đơn xin nghỉ phải được Giám đốc bộ phận phê duyệt bằng văn bản trước khi nghỉ. Nghỉ phép không lương quá 10 ngày liên tiếp phải được Giám đốc Điều hành phê duyệt. ## Nghỉ ốm Nhân viên được hưởng 10 ngày nghỉ ốm có lương mỗi năm. Cần nộp giấy xác nhận y tế từ cơ sở y tế được công nhận trong vòng 3 ngày làm việc kể từ ngày trở lại làm việc. Nghỉ ốm quá 3 ngày liên tiếp bắt buộc phải có giấy xác nhận của bác sĩ. ## Thời gian"", ""rong vòng 3 ngày làm việc kể từ ngày trở lại làm việc. Nghỉ ốm quá 3 ngày liên tiếp bắt buộc phải có giấy xác nhận của bác sĩ. ## Thời gian thử việc Thời gian thử việc là 60 ngày đối với nhân viên bậc cao và 30 ngày đối với nhân viên thông thường. Trong thời gian thử việc, nhân viên nhận 85% mức lương chính thức. Sau khi hoàn thành thử việc thành công, nhân viên được xác nhận ký hợp đồng chính thức và nhận đầy đủ lương cùng các chế độ phúc lợi. ## Lương và Phúc lợi Lương được thanh toán vào ngày 15 hàng tháng. Nếu ngày 15 rơi vào ngày nghỉ, lương sẽ được thanh toán vào ngày làm việc gần nhất trước đó. Nhân viên chính thức được tham gia bảo hiểm y tế, bảo hiểm xã hội và bảo hiểm thất nghiệp theo quy định của pháp luật. Công ty đóng 17,5% trên lương cơ bản cho bảo hiểm xã hội. ## Đánh giá hiệu suất Đánh giá hiệu suất được thực hiện 2 lần/năm: tháng 6 và tháng 12. Kết quả đánh giá ảnh hưởng""]"
So sanh hoac lien ket thong tin giua sample_02.md va sample_03.md?,"Thông tin trong sample_02.md và sample_03.md không được cung cấp, vì vậy không thể so sánh hoặc liên kết thông tin giữa hai tài liệu này. Thông tin không được tìm thấy.",# Chính sách Công nghệ Thông tin — Sổ tay Nhân viên 2024 ## Chính sách Mật khẩu Mật khẩu tài khoản công ty phải được thay đổi mỗi 90 ngày. ... # Chính sách Tài chính và Chi phí — Sổ tay Nhân viên 2024 ## Phụ cấp đi lại Nhân viên sử dụng phương tiện cá nhân cho công việc được hoàn trả 3.500 VNĐ/km.,multi_context,0.0,0.0,0.0,0.3333333333333333,"[""ức WireGuard với mã hóa AES-256. Kết nối VPN được cho phép tối đa 8 giờ liên tục, sau đó cần đăng nhập lại. Không được sử dụng VPN cá nhân trên thiết bị của công ty khi truy cập hệ thống nội bộ. ## Email và Liên lạc Email công ty chỉ được sử dụng cho mục đích công việc. Không được chuyển tiếp email nội bộ ra các địa chỉ email cá nhân. Dung lượng hộp thư tối đa là 25 GB. Tập tin đính kèm lớn hơn 25 MB phải được chia sẻ qua hệ thống lưu trữ đám mây nội bộ. ## Sao lưu Dữ liệu Dữ liệu công việc phải được lưu trên ổ đĩa mạng hoặc hệ thống đám mây được phê duyệt. Hệ thống tự động sao lưu dữ liệu hàng ngày lúc 2 giờ sáng. Nhân viên có trách nhiệm đảm bảo dữ liệu quan trọng được lưu đúng vị trí trước khi kết thúc ngày làm việc. ## Bảo mật Thông tin Thông tin khách hàng và dữ liệu kinh doanh bảo mật không được chia sẻ ra bên ngoài mà không có sự cho phép của quản lý cấp cao. Vi phạm bảo mật dữ li"", ""# Chính sách Công nghệ Thông tin — Sổ tay Nhân viên 2024 ## Chính sách Mật khẩu Mật khẩu tài khoản công ty phải được thay đổi mỗi 90 ngày. Mật khẩu phải có độ dài tối thiểu 12 ký tự, bao gồm chữ hoa, chữ thường, số và ký tự đặc biệt. Không được sử dụng lại 5 mật khẩu gần nhất. Tài khoản sẽ bị khóa sau 5 lần đăng nhập thất bại liên tiếp. Liên hệ bộ phận IT để mở khóa tài khoản. ## Sử dụng Thiết bị Thiết bị do công ty cấp chỉ được sử dụng cho mục đích công việc. Nhân viên không được cài đặt phần mềm không được phê duyệt trên thiết bị của công ty. Trước khi rời công ty hoặc khi hỏng hóc, tất cả thiết bị phải được trả lại bộ phận IT trong vòng 2 ngày làm việc. ## VPN và Truy cập từ xa Nhân viên làm việc từ xa phải sử dụng VPN công ty. VPN sử dụng giao thức WireGuard với mã hóa AES-256. Kết nối VPN được cho phép tối đa 8 giờ liên tục, sau đó cần đăng nhập lại. Không được sử dụng VPN cá nhân t"", ""# Chính sách Nhân sự — Sổ tay Nhân viên 2024 ## Nghỉ phép năm Nhân viên chính thức được nghỉ phép năm 12 ngày làm việc mỗi năm. Số ngày nghỉ phép tăng thêm 1 ngày cho mỗi 5 năm thâm niên công tác, tối đa 20 ngày. Ngày nghỉ phép không sử dụng hết trong năm có thể chuyển sang năm tiếp theo, nhưng không quá 5 ngày. Nhân viên phải nộp đơn xin nghỉ phép trước ít nhất 3 ngày làm việc. ## Nghỉ phép không lương Nhân viên có thể xin nghỉ phép không lương tối đa 30 ngày mỗi năm. Đơn xin nghỉ phải được Giám đốc bộ phận phê duyệt bằng văn bản trước khi nghỉ. Nghỉ phép không lương quá 10 ngày liên tiếp phải được Giám đốc Điều hành phê duyệt. ## Nghỉ ốm Nhân viên được hưởng 10 ngày nghỉ ốm có lương mỗi năm. Cần nộp giấy xác nhận y tế từ cơ sở y tế được công nhận trong vòng 3 ngày làm việc kể từ ngày trở lại làm việc. Nghỉ ốm quá 3 ngày liên tiếp bắt buộc phải có giấy xác nhận của bác sĩ. ## Thời gian"", ""rong vòng 3 ngày làm việc kể từ ngày trở lại làm việc. Nghỉ ốm quá 3 ngày liên tiếp bắt buộc phải có giấy xác nhận của bác sĩ. ## Thời gian thử việc Thời gian thử việc là 60 ngày đối với nhân viên bậc cao và 30 ngày đối với nhân viên thông thường. Trong thời gian thử việc, nhân viên nhận 85% mức lương chính thức. Sau khi hoàn thành thử việc thành công, nhân viên được xác nhận ký hợp đồng chính thức và nhận đầy đủ lương cùng các chế độ phúc lợi. ## Lương và Phúc lợi Lương được thanh toán vào ngày 15 hàng tháng. Nếu ngày 15 rơi vào ngày nghỉ, lương sẽ được thanh toán vào ngày làm việc gần nhất trước đó. Nhân viên chính thức được tham gia bảo hiểm y tế, bảo hiểm xã hội và bảo hiểm thất nghiệp theo quy định của pháp luật. Công ty đóng 17,5% trên lương cơ bản cho bảo hiểm xã hội. ## Đánh giá hiệu suất Đánh giá hiệu suất được thực hiện 2 lần/năm: tháng 6 và tháng 12. Kết quả đánh giá ảnh hưởng""]"
So sanh hoac lien ket thong tin giua sample_02.md va sample_02.md?,Thông tin không được tìm thấy.,Không được sử dụng VPN cá nhân trên thiết bị của công ty khi truy cập hệ thống nội bộ. ... Không được sử dụng VPN cá nhân trên thiết bị của công ty khi truy cập hệ thống nội bộ.,multi_context,0.0,0.0,0.99999999995,1.0,"[""ức WireGuard với mã hóa AES-256. Kết nối VPN được cho phép tối đa 8 giờ liên tục, sau đó cần đăng nhập lại. Không được sử dụng VPN cá nhân trên thiết bị của công ty khi truy cập hệ thống nội bộ. ## Email và Liên lạc Email công ty chỉ được sử dụng cho mục đích công việc. Không được chuyển tiếp email nội bộ ra các địa chỉ email cá nhân. Dung lượng hộp thư tối đa là 25 GB. Tập tin đính kèm lớn hơn 25 MB phải được chia sẻ qua hệ thống lưu trữ đám mây nội bộ. ## Sao lưu Dữ liệu Dữ liệu công việc phải được lưu trên ổ đĩa mạng hoặc hệ thống đám mây được phê duyệt. Hệ thống tự động sao lưu dữ liệu hàng ngày lúc 2 giờ sáng. Nhân viên có trách nhiệm đảm bảo dữ liệu quan trọng được lưu đúng vị trí trước khi kết thúc ngày làm việc. ## Bảo mật Thông tin Thông tin khách hàng và dữ liệu kinh doanh bảo mật không được chia sẻ ra bên ngoài mà không có sự cho phép của quản lý cấp cao. Vi phạm bảo mật dữ li"", ""# Chính sách Công nghệ Thông tin — Sổ tay Nhân viên 2024 ## Chính sách Mật khẩu Mật khẩu tài khoản công ty phải được thay đổi mỗi 90 ngày. Mật khẩu phải có độ dài tối thiểu 12 ký tự, bao gồm chữ hoa, chữ thường, số và ký tự đặc biệt. Không được sử dụng lại 5 mật khẩu gần nhất. Tài khoản sẽ bị khóa sau 5 lần đăng nhập thất bại liên tiếp. Liên hệ bộ phận IT để mở khóa tài khoản. ## Sử dụng Thiết bị Thiết bị do công ty cấp chỉ được sử dụng cho mục đích công việc. Nhân viên không được cài đặt phần mềm không được phê duyệt trên thiết bị của công ty. Trước khi rời công ty hoặc khi hỏng hóc, tất cả thiết bị phải được trả lại bộ phận IT trong vòng 2 ngày làm việc. ## VPN và Truy cập từ xa Nhân viên làm việc từ xa phải sử dụng VPN công ty. VPN sử dụng giao thức WireGuard với mã hóa AES-256. Kết nối VPN được cho phép tối đa 8 giờ liên tục, sau đó cần đăng nhập lại. Không được sử dụng VPN cá nhân t"", ""# Chính sách Nhân sự — Sổ tay Nhân viên 2024 ## Nghỉ phép năm Nhân viên chính thức được nghỉ phép năm 12 ngày làm việc mỗi năm. Số ngày nghỉ phép tăng thêm 1 ngày cho mỗi 5 năm thâm niên công tác, tối đa 20 ngày. Ngày nghỉ phép không sử dụng hết trong năm có thể chuyển sang năm tiếp theo, nhưng không quá 5 ngày. Nhân viên phải nộp đơn xin nghỉ phép trước ít nhất 3 ngày làm việc. ## Nghỉ phép không lương Nhân viên có thể xin nghỉ phép không lương tối đa 30 ngày mỗi năm. Đơn xin nghỉ phải được Giám đốc bộ phận phê duyệt bằng văn bản trước khi nghỉ. Nghỉ phép không lương quá 10 ngày liên tiếp phải được Giám đốc Điều hành phê duyệt. ## Nghỉ ốm Nhân viên được hưởng 10 ngày nghỉ ốm có lương mỗi năm. Cần nộp giấy xác nhận y tế từ cơ sở y tế được công nhận trong vòng 3 ngày làm việc kể từ ngày trở lại làm việc. Nghỉ ốm quá 3 ngày liên tiếp bắt buộc phải có giấy xác nhận của bác sĩ. ## Thời gian"", ""rong vòng 3 ngày làm việc kể từ ngày trở lại làm việc. Nghỉ ốm quá 3 ngày liên tiếp bắt buộc phải có giấy xác nhận của bác sĩ. ## Thời gian thử việc Thời gian thử việc là 60 ngày đối với nhân viên bậc cao và 30 ngày đối với nhân viên thông thường. Trong thời gian thử việc, nhân viên nhận 85% mức lương chính thức. Sau khi hoàn thành thử việc thành công, nhân viên được xác nhận ký hợp đồng chính thức và nhận đầy đủ lương cùng các chế độ phúc lợi. ## Lương và Phúc lợi Lương được thanh toán vào ngày 15 hàng tháng. Nếu ngày 15 rơi vào ngày nghỉ, lương sẽ được thanh toán vào ngày làm việc gần nhất trước đó. Nhân viên chính thức được tham gia bảo hiểm y tế, bảo hiểm xã hội và bảo hiểm thất nghiệp theo quy định của pháp luật. Công ty đóng 17,5% trên lương cơ bản cho bảo hiểm xã hội. ## Đánh giá hiệu suất Đánh giá hiệu suất được thực hiện 2 lần/năm: tháng 6 và tháng 12. Kết quả đánh giá ảnh hưởng""]"
So sanh hoac lien ket thong tin giua sample_02.md va sample_01.md?,"Thông tin trong sample_02.md và sample_01.md không được cung cấp, vì vậy không thể so sánh hoặc liên kết thông tin giữa hai tài liệu này. Thông tin không được tìm thấy.",khách hàng và dữ liệu kinh doanh bảo mật không được chia sẻ ra bên ngoài mà không có sự cho phép của quản lý cấp cao. ... ## Đánh giá hiệu suất Đánh giá hiệu suất được thực hiện 2 lần/năm: tháng 6 và tháng 12.,multi_context,0.0,0.0,0.0,1.0,"[""ức WireGuard với mã hóa AES-256. Kết nối VPN được cho phép tối đa 8 giờ liên tục, sau đó cần đăng nhập lại. Không được sử dụng VPN cá nhân trên thiết bị của công ty khi truy cập hệ thống nội bộ. ## Email và Liên lạc Email công ty chỉ được sử dụng cho mục đích công việc. Không được chuyển tiếp email nội bộ ra các địa chỉ email cá nhân. Dung lượng hộp thư tối đa là 25 GB. Tập tin đính kèm lớn hơn 25 MB phải được chia sẻ qua hệ thống lưu trữ đám mây nội bộ. ## Sao lưu Dữ liệu Dữ liệu công việc phải được lưu trên ổ đĩa mạng hoặc hệ thống đám mây được phê duyệt. Hệ thống tự động sao lưu dữ liệu hàng ngày lúc 2 giờ sáng. Nhân viên có trách nhiệm đảm bảo dữ liệu quan trọng được lưu đúng vị trí trước khi kết thúc ngày làm việc. ## Bảo mật Thông tin Thông tin khách hàng và dữ liệu kinh doanh bảo mật không được chia sẻ ra bên ngoài mà không có sự cho phép của quản lý cấp cao. Vi phạm bảo mật dữ li"", ""# Chính sách Công nghệ Thông tin — Sổ tay Nhân viên 2024 ## Chính sách Mật khẩu Mật khẩu tài khoản công ty phải được thay đổi mỗi 90 ngày. Mật khẩu phải có độ dài tối thiểu 12 ký tự, bao gồm chữ hoa, chữ thường, số và ký tự đặc biệt. Không được sử dụng lại 5 mật khẩu gần nhất. Tài khoản sẽ bị khóa sau 5 lần đăng nhập thất bại liên tiếp. Liên hệ bộ phận IT để mở khóa tài khoản. ## Sử dụng Thiết bị Thiết bị do công ty cấp chỉ được sử dụng cho mục đích công việc. Nhân viên không được cài đặt phần mềm không được phê duyệt trên thiết bị của công ty. Trước khi rời công ty hoặc khi hỏng hóc, tất cả thiết bị phải được trả lại bộ phận IT trong vòng 2 ngày làm việc. ## VPN và Truy cập từ xa Nhân viên làm việc từ xa phải sử dụng VPN công ty. VPN sử dụng giao thức WireGuard với mã hóa AES-256. Kết nối VPN được cho phép tối đa 8 giờ liên tục, sau đó cần đăng nhập lại. Không được sử dụng VPN cá nhân t"", ""# Chính sách Nhân sự — Sổ tay Nhân viên 2024 ## Nghỉ phép năm Nhân viên chính thức được nghỉ phép năm 12 ngày làm việc mỗi năm. Số ngày nghỉ phép tăng thêm 1 ngày cho mỗi 5 năm thâm niên công tác, tối đa 20 ngày. Ngày nghỉ phép không sử dụng hết trong năm có thể chuyển sang năm tiếp theo, nhưng không quá 5 ngày. Nhân viên phải nộp đơn xin nghỉ phép trước ít nhất 3 ngày làm việc. ## Nghỉ phép không lương Nhân viên có thể xin nghỉ phép không lương tối đa 30 ngày mỗi năm. Đơn xin nghỉ phải được Giám đốc bộ phận phê duyệt bằng văn bản trước khi nghỉ. Nghỉ phép không lương quá 10 ngày liên tiếp phải được Giám đốc Điều hành phê duyệt. ## Nghỉ ốm Nhân viên được hưởng 10 ngày nghỉ ốm có lương mỗi năm. Cần nộp giấy xác nhận y tế từ cơ sở y tế được công nhận trong vòng 3 ngày làm việc kể từ ngày trở lại làm việc. Nghỉ ốm quá 3 ngày liên tiếp bắt buộc phải có giấy xác nhận của bác sĩ. ## Thời gian"", ""rong vòng 3 ngày làm việc kể từ ngày trở lại làm việc. Nghỉ ốm quá 3 ngày liên tiếp bắt buộc phải có giấy xác nhận của bác sĩ. ## Thời gian thử việc Thời gian thử việc là 60 ngày đối với nhân viên bậc cao và 30 ngày đối với nhân viên thông thường. Trong thời gian thử việc, nhân viên nhận 85% mức lương chính thức. Sau khi hoàn thành thử việc thành công, nhân viên được xác nhận ký hợp đồng chính thức và nhận đầy đủ lương cùng các chế độ phúc lợi. ## Lương và Phúc lợi Lương được thanh toán vào ngày 15 hàng tháng. Nếu ngày 15 rơi vào ngày nghỉ, lương sẽ được thanh toán vào ngày làm việc gần nhất trước đó. Nhân viên chính thức được tham gia bảo hiểm y tế, bảo hiểm xã hội và bảo hiểm thất nghiệp theo quy định của pháp luật. Công ty đóng 17,5% trên lương cơ bản cho bảo hiểm xã hội. ## Đánh giá hiệu suất Đánh giá hiệu suất được thực hiện 2 lần/năm: tháng 6 và tháng 12. Kết quả đánh giá ảnh hưởng""]"
So sanh hoac lien ket thong tin giua sample_03.md va sample_01.md?,"Thông tin trong sample_03.md và sample_01.md không được cung cấp, vì vậy không thể so sánh hoặc liên kết thông tin giữa hai tài liệu này.",# Chính sách Tài chính và Chi phí — Sổ tay Nhân viên 2024 ## Phụ cấp đi lại Nhân viên sử dụng phương tiện cá nhân cho công việc được hoàn trả 3.500 VNĐ/km. ... # Chính sách Nhân sự — Sổ tay Nhân viên 2024 ## Nghỉ phép năm Nhân viên chính thức được nghỉ phép năm 12 ngày làm việc mỗi năm.,multi_context,0.0,0.0,0.3333333333,0.5,"[""ức WireGuard với mã hóa AES-256. Kết nối VPN được cho phép tối đa 8 giờ liên tục, sau đó cần đăng nhập lại. Không được sử dụng VPN cá nhân trên thiết bị của công ty khi truy cập hệ thống nội bộ. ## Email và Liên lạc Email công ty chỉ được sử dụng cho mục đích công việc. Không được chuyển tiếp email nội bộ ra các địa chỉ email cá nhân. Dung lượng hộp thư tối đa là 25 GB. Tập tin đính kèm lớn hơn 25 MB phải được chia sẻ qua hệ thống lưu trữ đám mây nội bộ. ## Sao lưu Dữ liệu Dữ liệu công việc phải được lưu trên ổ đĩa mạng hoặc hệ thống đám mây được phê duyệt. Hệ thống tự động sao lưu dữ liệu hàng ngày lúc 2 giờ sáng. Nhân viên có trách nhiệm đảm bảo dữ liệu quan trọng được lưu đúng vị trí trước khi kết thúc ngày làm việc. ## Bảo mật Thông tin Thông tin khách hàng và dữ liệu kinh doanh bảo mật không được chia sẻ ra bên ngoài mà không có sự cho phép của quản lý cấp cao. Vi phạm bảo mật dữ li"", ""# Chính sách Công nghệ Thông tin — Sổ tay Nhân viên 2024 ## Chính sách Mật khẩu Mật khẩu tài khoản công ty phải được thay đổi mỗi 90 ngày. Mật khẩu phải có độ dài tối thiểu 12 ký tự, bao gồm chữ hoa, chữ thường, số và ký tự đặc biệt. Không được sử dụng lại 5 mật khẩu gần nhất. Tài khoản sẽ bị khóa sau 5 lần đăng nhập thất bại liên tiếp. Liên hệ bộ phận IT để mở khóa tài khoản. ## Sử dụng Thiết bị Thiết bị do công ty cấp chỉ được sử dụng cho mục đích công việc. Nhân viên không được cài đặt phần mềm không được phê duyệt trên thiết bị của công ty. Trước khi rời công ty hoặc khi hỏng hóc, tất cả thiết bị phải được trả lại bộ phận IT trong vòng 2 ngày làm việc. ## VPN và Truy cập từ xa Nhân viên làm việc từ xa phải sử dụng VPN công ty. VPN sử dụng giao thức WireGuard với mã hóa AES-256. Kết nối VPN được cho phép tối đa 8 giờ liên tục, sau đó cần đăng nhập lại. Không được sử dụng VPN cá nhân t"", ""# Chính sách Nhân sự — Sổ tay Nhân viên 2024 ## Nghỉ phép năm Nhân viên chính thức được nghỉ phép năm 12 ngày làm việc mỗi năm. Số ngày nghỉ phép tăng thêm 1 ngày cho mỗi 5 năm thâm niên công tác, tối đa 20 ngày. Ngày nghỉ phép không sử dụng hết trong năm có thể chuyển sang năm tiếp theo, nhưng không quá 5 ngày. Nhân viên phải nộp đơn xin nghỉ phép trước ít nhất 3 ngày làm việc. ## Nghỉ phép không lương Nhân viên có thể xin nghỉ phép không lương tối đa 30 ngày mỗi năm. Đơn xin nghỉ phải được Giám đốc bộ phận phê duyệt bằng văn bản trước khi nghỉ. Nghỉ phép không lương quá 10 ngày liên tiếp phải được Giám đốc Điều hành phê duyệt. ## Nghỉ ốm Nhân viên được hưởng 10 ngày nghỉ ốm có lương mỗi năm. Cần nộp giấy xác nhận y tế từ cơ sở y tế được công nhận trong vòng 3 ngày làm việc kể từ ngày trở lại làm việc. Nghỉ ốm quá 3 ngày liên tiếp bắt buộc phải có giấy xác nhận của bác sĩ. ## Thời gian"", ""rong vòng 3 ngày làm việc kể từ ngày trở lại làm việc. Nghỉ ốm quá 3 ngày liên tiếp bắt buộc phải có giấy xác nhận của bác sĩ. ## Thời gian thử việc Thời gian thử việc là 60 ngày đối với nhân viên bậc cao và 30 ngày đối với nhân viên thông thường. Trong thời gian thử việc, nhân viên nhận 85% mức lương chính thức. Sau khi hoàn thành thử việc thành công, nhân viên được xác nhận ký hợp đồng chính thức và nhận đầy đủ lương cùng các chế độ phúc lợi. ## Lương và Phúc lợi Lương được thanh toán vào ngày 15 hàng tháng. Nếu ngày 15 rơi vào ngày nghỉ, lương sẽ được thanh toán vào ngày làm việc gần nhất trước đó. Nhân viên chính thức được tham gia bảo hiểm y tế, bảo hiểm xã hội và bảo hiểm thất nghiệp theo quy định của pháp luật. Công ty đóng 17,5% trên lương cơ bản cho bảo hiểm xã hội. ## Đánh giá hiệu suất Đánh giá hiệu suất được thực hiện 2 lần/năm: tháng 6 và tháng 12. Kết quả đánh giá ảnh hưởng""]"
So sanh hoac lien ket thong tin giua sample_03.md va sample_03.md?,Thông tin không được tìm thấy.,Hóa đơn VAT hoặc chứng từ hợp lệ là bắt buộc cho mọi khoản chi phí trên 200.000 VNĐ. ... Hóa đơn VAT hoặc chứng từ hợp lệ là bắt buộc cho mọi khoản chi phí trên 200.000 VNĐ.,multi_context,0.0,0.0,0.0,0.0,"[""ức WireGuard với mã hóa AES-256. Kết nối VPN được cho phép tối đa 8 giờ liên tục, sau đó cần đăng nhập lại. Không được sử dụng VPN cá nhân trên thiết bị của công ty khi truy cập hệ thống nội bộ. ## Email và Liên lạc Email công ty chỉ được sử dụng cho mục đích công việc. Không được chuyển tiếp email nội bộ ra các địa chỉ email cá nhân. Dung lượng hộp thư tối đa là 25 GB. Tập tin đính kèm lớn hơn 25 MB phải được chia sẻ qua hệ thống lưu trữ đám mây nội bộ. ## Sao lưu Dữ liệu Dữ liệu công việc phải được lưu trên ổ đĩa mạng hoặc hệ thống đám mây được phê duyệt. Hệ thống tự động sao lưu dữ liệu hàng ngày lúc 2 giờ sáng. Nhân viên có trách nhiệm đảm bảo dữ liệu quan trọng được lưu đúng vị trí trước khi kết thúc ngày làm việc. ## Bảo mật Thông tin Thông tin khách hàng và dữ liệu kinh doanh bảo mật không được chia sẻ ra bên ngoài mà không có sự cho phép của quản lý cấp cao. Vi phạm bảo mật dữ li"", ""# Chính sách Công nghệ Thông tin — Sổ tay Nhân viên 2024 ## Chính sách Mật khẩu Mật khẩu tài khoản công ty phải được thay đổi mỗi 90 ngày. Mật khẩu phải có độ dài tối thiểu 12 ký tự, bao gồm chữ hoa, chữ thường, số và ký tự đặc biệt. Không được sử dụng lại 5 mật khẩu gần nhất. Tài khoản sẽ bị khóa sau 5 lần đăng nhập thất bại liên tiếp. Liên hệ bộ phận IT để mở khóa tài khoản. ## Sử dụng Thiết bị Thiết bị do công ty cấp chỉ được sử dụng cho mục đích công việc. Nhân viên không được cài đặt phần mềm không được phê duyệt trên thiết bị của công ty. Trước khi rời công ty hoặc khi hỏng hóc, tất cả thiết bị phải được trả lại bộ phận IT trong vòng 2 ngày làm việc. ## VPN và Truy cập từ xa Nhân viên làm việc từ xa phải sử dụng VPN công ty. VPN sử dụng giao thức WireGuard với mã hóa AES-256. Kết nối VPN được cho phép tối đa 8 giờ liên tục, sau đó cần đăng nhập lại. Không được sử dụng VPN cá nhân t"", ""# Chính sách Nhân sự — Sổ tay Nhân viên 2024 ## Nghỉ phép năm Nhân viên chính thức được nghỉ phép năm 12 ngày làm việc mỗi năm. Số ngày nghỉ phép tăng thêm 1 ngày cho mỗi 5 năm thâm niên công tác, tối đa 20 ngày. Ngày nghỉ phép không sử dụng hết trong năm có thể chuyển sang năm tiếp theo, nhưng không quá 5 ngày. Nhân viên phải nộp đơn xin nghỉ phép trước ít nhất 3 ngày làm việc. ## Nghỉ phép không lương Nhân viên có thể xin nghỉ phép không lương tối đa 30 ngày mỗi năm. Đơn xin nghỉ phải được Giám đốc bộ phận phê duyệt bằng văn bản trước khi nghỉ. Nghỉ phép không lương quá 10 ngày liên tiếp phải được Giám đốc Điều hành phê duyệt. ## Nghỉ ốm Nhân viên được hưởng 10 ngày nghỉ ốm có lương mỗi năm. Cần nộp giấy xác nhận y tế từ cơ sở y tế được công nhận trong vòng 3 ngày làm việc kể từ ngày trở lại làm việc. Nghỉ ốm quá 3 ngày liên tiếp bắt buộc phải có giấy xác nhận của bác sĩ. ## Thời gian"", ""rong vòng 3 ngày làm việc kể từ ngày trở lại làm việc. Nghỉ ốm quá 3 ngày liên tiếp bắt buộc phải có giấy xác nhận của bác sĩ. ## Thời gian thử việc Thời gian thử việc là 60 ngày đối với nhân viên bậc cao và 30 ngày đối với nhân viên thông thường. Trong thời gian thử việc, nhân viên nhận 85% mức lương chính thức. Sau khi hoàn thành thử việc thành công, nhân viên được xác nhận ký hợp đồng chính thức và nhận đầy đủ lương cùng các chế độ phúc lợi. ## Lương và Phúc lợi Lương được thanh toán vào ngày 15 hàng tháng. Nếu ngày 15 rơi vào ngày nghỉ, lương sẽ được thanh toán vào ngày làm việc gần nhất trước đó. Nhân viên chính thức được tham gia bảo hiểm y tế, bảo hiểm xã hội và bảo hiểm thất nghiệp theo quy định của pháp luật. Công ty đóng 17,5% trên lương cơ bản cho bảo hiểm xã hội. ## Đánh giá hiệu suất Đánh giá hiệu suất được thực hiện 2 lần/năm: tháng 6 và tháng 12. Kết quả đánh giá ảnh hưởng""]"
So sanh hoac lien ket thong tin giua sample_03.md va sample_02.md?,"Thông tin trong sample_03.md và sample_02.md không được cung cấp, vì vậy không thể so sánh hoặc liên kết thông tin giữa hai tài liệu này.",Nhân viên phải cam kết làm việc tối thiểu 1 năm sau khi được hỗ trợ đào tạo có giá trị trên 5.000.000 VNĐ. ... khách hàng và dữ liệu kinh doanh bảo mật không được chia sẻ ra bên ngoài mà không có sự cho phép của quản lý cấp cao.,multi_context,0.0,0.0,0.0,0.5,"[""ức WireGuard với mã hóa AES-256. Kết nối VPN được cho phép tối đa 8 giờ liên tục, sau đó cần đăng nhập lại. Không được sử dụng VPN cá nhân trên thiết bị của công ty khi truy cập hệ thống nội bộ. ## Email và Liên lạc Email công ty chỉ được sử dụng cho mục đích công việc. Không được chuyển tiếp email nội bộ ra các địa chỉ email cá nhân. Dung lượng hộp thư tối đa là 25 GB. Tập tin đính kèm lớn hơn 25 MB phải được chia sẻ qua hệ thống lưu trữ đám mây nội bộ. ## Sao lưu Dữ liệu Dữ liệu công việc phải được lưu trên ổ đĩa mạng hoặc hệ thống đám mây được phê duyệt. Hệ thống tự động sao lưu dữ liệu hàng ngày lúc 2 giờ sáng. Nhân viên có trách nhiệm đảm bảo dữ liệu quan trọng được lưu đúng vị trí trước khi kết thúc ngày làm việc. ## Bảo mật Thông tin Thông tin khách hàng và dữ liệu kinh doanh bảo mật không được chia sẻ ra bên ngoài mà không có sự cho phép của quản lý cấp cao. Vi phạm bảo mật dữ li"", ""# Chính sách Công nghệ Thông tin — Sổ tay Nhân viên 2024 ## Chính sách Mật khẩu Mật khẩu tài khoản công ty phải được thay đổi mỗi 90 ngày. Mật khẩu phải có độ dài tối thiểu 12 ký tự, bao gồm chữ hoa, chữ thường, số và ký tự đặc biệt. Không được sử dụng lại 5 mật khẩu gần nhất. Tài khoản sẽ bị khóa sau 5 lần đăng nhập thất bại liên tiếp. Liên hệ bộ phận IT để mở khóa tài khoản. ## Sử dụng Thiết bị Thiết bị do công ty cấp chỉ được sử dụng cho mục đích công việc. Nhân viên không được cài đặt phần mềm không được phê duyệt trên thiết bị của công ty. Trước khi rời công ty hoặc khi hỏng hóc, tất cả thiết bị phải được trả lại bộ phận IT trong vòng 2 ngày làm việc. ## VPN và Truy cập từ xa Nhân viên làm việc từ xa phải sử dụng VPN công ty. VPN sử dụng giao thức WireGuard với mã hóa AES-256. Kết nối VPN được cho phép tối đa 8 giờ liên tục, sau đó cần đăng nhập lại. Không được sử dụng VPN cá nhân t"", ""# Chính sách Nhân sự — Sổ tay Nhân viên 2024 ## Nghỉ phép năm Nhân viên chính thức được nghỉ phép năm 12 ngày làm việc mỗi năm. Số ngày nghỉ phép tăng thêm 1 ngày cho mỗi 5 năm thâm niên công tác, tối đa 20 ngày. Ngày nghỉ phép không sử dụng hết trong năm có thể chuyển sang năm tiếp theo, nhưng không quá 5 ngày. Nhân viên phải nộp đơn xin nghỉ phép trước ít nhất 3 ngày làm việc. ## Nghỉ phép không lương Nhân viên có thể xin nghỉ phép không lương tối đa 30 ngày mỗi năm. Đơn xin nghỉ phải được Giám đốc bộ phận phê duyệt bằng văn bản trước khi nghỉ. Nghỉ phép không lương quá 10 ngày liên tiếp phải được Giám đốc Điều hành phê duyệt. ## Nghỉ ốm Nhân viên được hưởng 10 ngày nghỉ ốm có lương mỗi năm. Cần nộp giấy xác nhận y tế từ cơ sở y tế được công nhận trong vòng 3 ngày làm việc kể từ ngày trở lại làm việc. Nghỉ ốm quá 3 ngày liên tiếp bắt buộc phải có giấy xác nhận của bác sĩ. ## Thời gian"", ""rong vòng 3 ngày làm việc kể từ ngày trở lại làm việc. Nghỉ ốm quá 3 ngày liên tiếp bắt buộc phải có giấy xác nhận của bác sĩ. ## Thời gian thử việc Thời gian thử việc là 60 ngày đối với nhân viên bậc cao và 30 ngày đối với nhân viên thông thường. Trong thời gian thử việc, nhân viên nhận 85% mức lương chính thức. Sau khi hoàn thành thử việc thành công, nhân viên được xác nhận ký hợp đồng chính thức và nhận đầy đủ lương cùng các chế độ phúc lợi. ## Lương và Phúc lợi Lương được thanh toán vào ngày 15 hàng tháng. Nếu ngày 15 rơi vào ngày nghỉ, lương sẽ được thanh toán vào ngày làm việc gần nhất trước đó. Nhân viên chính thức được tham gia bảo hiểm y tế, bảo hiểm xã hội và bảo hiểm thất nghiệp theo quy định của pháp luật. Công ty đóng 17,5% trên lương cơ bản cho bảo hiểm xã hội. ## Đánh giá hiệu suất Đánh giá hiệu suất được thực hiện 2 lần/năm: tháng 6 và tháng 12. Kết quả đánh giá ảnh hưởng""]"
So sanh hoac lien ket thong tin giua sample_01.md va sample_02.md?,"Thông tin trong sample_01.md và sample_02.md đều liên quan đến chính sách của công ty, nhưng tập trung vào các lĩnh vực khác nhau. 

- **sample_01.md**: Tập trung vào chính sách công nghệ thông tin, bao gồm quy định về VPN, email, sao lưu dữ liệu và bảo mật thông tin. Nó quy định cách sử dụng thiết bị, mật khẩu và quy trình bảo mật thông tin khách hàng.

- **sample_02.md**: Tập trung vào chính sách nhân sự, bao gồm quy định về nghỉ phép, thời gian thử việc, lương và phúc lợi, cũng như đánh giá hiệu suất. Nó quy định số ngày nghỉ phép, quy trình xin nghỉ và các chế độ phúc lợi cho nhân viên.

Cả hai tài liệu đều có mục tiêu đảm bảo sự tuân thủ và bảo vệ lợi ích của công ty cũng như nhân viên, nhưng ở các khía cạnh khác nhau của hoạt động công ty.",# Chính sách Nhân sự — Sổ tay Nhân viên 2024 ## Nghỉ phép năm Nhân viên chính thức được nghỉ phép năm 12 ngày làm việc mỗi năm. ... # Chính sách Công nghệ Thông tin — Sổ tay Nhân viên 2024 ## Chính sách Mật khẩu Mật khẩu tài khoản công ty phải được thay đổi mỗi 90 ngày.,multi_context,0.9090909090909091,0.6186980977944302,0.0,1.0,"[""ức WireGuard với mã hóa AES-256. Kết nối VPN được cho phép tối đa 8 giờ liên tục, sau đó cần đăng nhập lại. Không được sử dụng VPN cá nhân trên thiết bị của công ty khi truy cập hệ thống nội bộ. ## Email và Liên lạc Email công ty chỉ được sử dụng cho mục đích công việc. Không được chuyển tiếp email nội bộ ra các địa chỉ email cá nhân. Dung lượng hộp thư tối đa là 25 GB. Tập tin đính kèm lớn hơn 25 MB phải được chia sẻ qua hệ thống lưu trữ đám mây nội bộ. ## Sao lưu Dữ liệu Dữ liệu công việc phải được lưu trên ổ đĩa mạng hoặc hệ thống đám mây được phê duyệt. Hệ thống tự động sao lưu dữ liệu hàng ngày lúc 2 giờ sáng. Nhân viên có trách nhiệm đảm bảo dữ liệu quan trọng được lưu đúng vị trí trước khi kết thúc ngày làm việc. ## Bảo mật Thông tin Thông tin khách hàng và dữ liệu kinh doanh bảo mật không được chia sẻ ra bên ngoài mà không có sự cho phép của quản lý cấp cao. Vi phạm bảo mật dữ li"", ""# Chính sách Công nghệ Thông tin — Sổ tay Nhân viên 2024 ## Chính sách Mật khẩu Mật khẩu tài khoản công ty phải được thay đổi mỗi 90 ngày. Mật khẩu phải có độ dài tối thiểu 12 ký tự, bao gồm chữ hoa, chữ thường, số và ký tự đặc biệt. Không được sử dụng lại 5 mật khẩu gần nhất. Tài khoản sẽ bị khóa sau 5 lần đăng nhập thất bại liên tiếp. Liên hệ bộ phận IT để mở khóa tài khoản. ## Sử dụng Thiết bị Thiết bị do công ty cấp chỉ được sử dụng cho mục đích công việc. Nhân viên không được cài đặt phần mềm không được phê duyệt trên thiết bị của công ty. Trước khi rời công ty hoặc khi hỏng hóc, tất cả thiết bị phải được trả lại bộ phận IT trong vòng 2 ngày làm việc. ## VPN và Truy cập từ xa Nhân viên làm việc từ xa phải sử dụng VPN công ty. VPN sử dụng giao thức WireGuard với mã hóa AES-256. Kết nối VPN được cho phép tối đa 8 giờ liên tục, sau đó cần đăng nhập lại. Không được sử dụng VPN cá nhân t"", ""# Chính sách Nhân sự — Sổ tay Nhân viên 2024 ## Nghỉ phép năm Nhân viên chính thức được nghỉ phép năm 12 ngày làm việc mỗi năm. Số ngày nghỉ phép tăng thêm 1 ngày cho mỗi 5 năm thâm niên công tác, tối đa 20 ngày. Ngày nghỉ phép không sử dụng hết trong năm có thể chuyển sang năm tiếp theo, nhưng không quá 5 ngày. Nhân viên phải nộp đơn xin nghỉ phép trước ít nhất 3 ngày làm việc. ## Nghỉ phép không lương Nhân viên có thể xin nghỉ phép không lương tối đa 30 ngày mỗi năm. Đơn xin nghỉ phải được Giám đốc bộ phận phê duyệt bằng văn bản trước khi nghỉ. Nghỉ phép không lương quá 10 ngày liên tiếp phải được Giám đốc Điều hành phê duyệt. ## Nghỉ ốm Nhân viên được hưởng 10 ngày nghỉ ốm có lương mỗi năm. Cần nộp giấy xác nhận y tế từ cơ sở y tế được công nhận trong vòng 3 ngày làm việc kể từ ngày trở lại làm việc. Nghỉ ốm quá 3 ngày liên tiếp bắt buộc phải có giấy xác nhận của bác sĩ. ## Thời gian"", ""rong vòng 3 ngày làm việc kể từ ngày trở lại làm việc. Nghỉ ốm quá 3 ngày liên tiếp bắt buộc phải có giấy xác nhận của bác sĩ. ## Thời gian thử việc Thời gian thử việc là 60 ngày đối với nhân viên bậc cao và 30 ngày đối với nhân viên thông thường. Trong thời gian thử việc, nhân viên nhận 85% mức lương chính thức. Sau khi hoàn thành thử việc thành công, nhân viên được xác nhận ký hợp đồng chính thức và nhận đầy đủ lương cùng các chế độ phúc lợi. ## Lương và Phúc lợi Lương được thanh toán vào ngày 15 hàng tháng. Nếu ngày 15 rơi vào ngày nghỉ, lương sẽ được thanh toán vào ngày làm việc gần nhất trước đó. Nhân viên chính thức được tham gia bảo hiểm y tế, bảo hiểm xã hội và bảo hiểm thất nghiệp theo quy định của pháp luật. Công ty đóng 17,5% trên lương cơ bản cho bảo hiểm xã hội. ## Đánh giá hiệu suất Đánh giá hiệu suất được thực hiện 2 lần/năm: tháng 6 và tháng 12. Kết quả đánh giá ảnh hưởng""]"
So sanh hoac lien ket thong tin giua sample_01.md va sample_01.md?,Thông tin không được tìm thấy.,## Thời gian thử việc Thời gian thử việc là 60 ngày đối với nhân viên bậc cao và 30 ngày đối với nhân viên thông thường. ... ## Thời gian thử việc Thời gian thử việc là 60 ngày đối với nhân viên bậc cao và 30 ngày đối với nhân viên thông thường.,multi_context,0.0,0.0,0.249999999975,1.0,"[""ức WireGuard với mã hóa AES-256. Kết nối VPN được cho phép tối đa 8 giờ liên tục, sau đó cần đăng nhập lại. Không được sử dụng VPN cá nhân trên thiết bị của công ty khi truy cập hệ thống nội bộ. ## Email và Liên lạc Email công ty chỉ được sử dụng cho mục đích công việc. Không được chuyển tiếp email nội bộ ra các địa chỉ email cá nhân. Dung lượng hộp thư tối đa là 25 GB. Tập tin đính kèm lớn hơn 25 MB phải được chia sẻ qua hệ thống lưu trữ đám mây nội bộ. ## Sao lưu Dữ liệu Dữ liệu công việc phải được lưu trên ổ đĩa mạng hoặc hệ thống đám mây được phê duyệt. Hệ thống tự động sao lưu dữ liệu hàng ngày lúc 2 giờ sáng. Nhân viên có trách nhiệm đảm bảo dữ liệu quan trọng được lưu đúng vị trí trước khi kết thúc ngày làm việc. ## Bảo mật Thông tin Thông tin khách hàng và dữ liệu kinh doanh bảo mật không được chia sẻ ra bên ngoài mà không có sự cho phép của quản lý cấp cao. Vi phạm bảo mật dữ li"", ""# Chính sách Công nghệ Thông tin — Sổ tay Nhân viên 2024 ## Chính sách Mật khẩu Mật khẩu tài khoản công ty phải được thay đổi mỗi 90 ngày. Mật khẩu phải có độ dài tối thiểu 12 ký tự, bao gồm chữ hoa, chữ thường, số và ký tự đặc biệt. Không được sử dụng lại 5 mật khẩu gần nhất. Tài khoản sẽ bị khóa sau 5 lần đăng nhập thất bại liên tiếp. Liên hệ bộ phận IT để mở khóa tài khoản. ## Sử dụng Thiết bị Thiết bị do công ty cấp chỉ được sử dụng cho mục đích công việc. Nhân viên không được cài đặt phần mềm không được phê duyệt trên thiết bị của công ty. Trước khi rời công ty hoặc khi hỏng hóc, tất cả thiết bị phải được trả lại bộ phận IT trong vòng 2 ngày làm việc. ## VPN và Truy cập từ xa Nhân viên làm việc từ xa phải sử dụng VPN công ty. VPN sử dụng giao thức WireGuard với mã hóa AES-256. Kết nối VPN được cho phép tối đa 8 giờ liên tục, sau đó cần đăng nhập lại. Không được sử dụng VPN cá nhân t"", ""# Chính sách Nhân sự — Sổ tay Nhân viên 2024 ## Nghỉ phép năm Nhân viên chính thức được nghỉ phép năm 12 ngày làm việc mỗi năm. Số ngày nghỉ phép tăng thêm 1 ngày cho mỗi 5 năm thâm niên công tác, tối đa 20 ngày. Ngày nghỉ phép không sử dụng hết trong năm có thể chuyển sang năm tiếp theo, nhưng không quá 5 ngày. Nhân viên phải nộp đơn xin nghỉ phép trước ít nhất 3 ngày làm việc. ## Nghỉ phép không lương Nhân viên có thể xin nghỉ phép không lương tối đa 30 ngày mỗi năm. Đơn xin nghỉ phải được Giám đốc bộ phận phê duyệt bằng văn bản trước khi nghỉ. Nghỉ phép không lương quá 10 ngày liên tiếp phải được Giám đốc Điều hành phê duyệt. ## Nghỉ ốm Nhân viên được hưởng 10 ngày nghỉ ốm có lương mỗi năm. Cần nộp giấy xác nhận y tế từ cơ sở y tế được công nhận trong vòng 3 ngày làm việc kể từ ngày trở lại làm việc. Nghỉ ốm quá 3 ngày liên tiếp bắt buộc phải có giấy xác nhận của bác sĩ. ## Thời gian"", ""rong vòng 3 ngày làm việc kể từ ngày trở lại làm việc. Nghỉ ốm quá 3 ngày liên tiếp bắt buộc phải có giấy xác nhận của bác sĩ. ## Thời gian thử việc Thời gian thử việc là 60 ngày đối với nhân viên bậc cao và 30 ngày đối với nhân viên thông thường. Trong thời gian thử việc, nhân viên nhận 85% mức lương chính thức. Sau khi hoàn thành thử việc thành công, nhân viên được xác nhận ký hợp đồng chính thức và nhận đầy đủ lương cùng các chế độ phúc lợi. ## Lương và Phúc lợi Lương được thanh toán vào ngày 15 hàng tháng. Nếu ngày 15 rơi vào ngày nghỉ, lương sẽ được thanh toán vào ngày làm việc gần nhất trước đó. Nhân viên chính thức được tham gia bảo hiểm y tế, bảo hiểm xã hội và bảo hiểm thất nghiệp theo quy định của pháp luật. Công ty đóng 17,5% trên lương cơ bản cho bảo hiểm xã hội. ## Đánh giá hiệu suất Đánh giá hiệu suất được thực hiện 2 lần/năm: tháng 6 và tháng 12. Kết quả đánh giá ảnh hưởng""]"
So sanh hoac lien ket thong tin giua sample_01.md va sample_03.md?,"Thông tin trong sample_01.md và sample_03.md đều liên quan đến chính sách của công ty đối với nhân viên. 

- **Chính sách Công nghệ Thông tin (sample_01.md)**: Tập trung vào việc sử dụng thiết bị, bảo mật thông tin, quy định về mật khẩu, và việc sử dụng VPN. Nó quy định rõ ràng cách thức bảo vệ dữ liệu và thông tin công ty.

- **Chính sách Nhân sự (sample_03.md)**: Tập trung vào quyền lợi và nghĩa vụ của nhân viên như nghỉ phép, nghỉ ốm, thời gian thử việc, lương và phúc lợi. Nó quy định các quyền lợi mà nhân viên được hưởng và quy trình xin nghỉ phép.

Cả hai tài liệu đều nhấn mạnh tầm quan trọng của việc tuân thủ quy định để bảo vệ lợi ích của công ty và nhân viên.",## Đánh giá hiệu suất Đánh giá hiệu suất được thực hiện 2 lần/năm: tháng 6 và tháng 12. ... Nhân viên phải cam kết làm việc tối thiểu 1 năm sau khi được hỗ trợ đào tạo có giá trị trên 5.000.000 VNĐ.,multi_context,1.0,0.5497352628869266,0.249999999975,0.5,"[""ức WireGuard với mã hóa AES-256. Kết nối VPN được cho phép tối đa 8 giờ liên tục, sau đó cần đăng nhập lại. Không được sử dụng VPN cá nhân trên thiết bị của công ty khi truy cập hệ thống nội bộ. ## Email và Liên lạc Email công ty chỉ được sử dụng cho mục đích công việc. Không được chuyển tiếp email nội bộ ra các địa chỉ email cá nhân. Dung lượng hộp thư tối đa là 25 GB. Tập tin đính kèm lớn hơn 25 MB phải được chia sẻ qua hệ thống lưu trữ đám mây nội bộ. ## Sao lưu Dữ liệu Dữ liệu công việc phải được lưu trên ổ đĩa mạng hoặc hệ thống đám mây được phê duyệt. Hệ thống tự động sao lưu dữ liệu hàng ngày lúc 2 giờ sáng. Nhân viên có trách nhiệm đảm bảo dữ liệu quan trọng được lưu đúng vị trí trước khi kết thúc ngày làm việc. ## Bảo mật Thông tin Thông tin khách hàng và dữ liệu kinh doanh bảo mật không được chia sẻ ra bên ngoài mà không có sự cho phép của quản lý cấp cao. Vi phạm bảo mật dữ li"", ""# Chính sách Công nghệ Thông tin — Sổ tay Nhân viên 2024 ## Chính sách Mật khẩu Mật khẩu tài khoản công ty phải được thay đổi mỗi 90 ngày. Mật khẩu phải có độ dài tối thiểu 12 ký tự, bao gồm chữ hoa, chữ thường, số và ký tự đặc biệt. Không được sử dụng lại 5 mật khẩu gần nhất. Tài khoản sẽ bị khóa sau 5 lần đăng nhập thất bại liên tiếp. Liên hệ bộ phận IT để mở khóa tài khoản. ## Sử dụng Thiết bị Thiết bị do công ty cấp chỉ được sử dụng cho mục đích công việc. Nhân viên không được cài đặt phần mềm không được phê duyệt trên thiết bị của công ty. Trước khi rời công ty hoặc khi hỏng hóc, tất cả thiết bị phải được trả lại bộ phận IT trong vòng 2 ngày làm việc. ## VPN và Truy cập từ xa Nhân viên làm việc từ xa phải sử dụng VPN công ty. VPN sử dụng giao thức WireGuard với mã hóa AES-256. Kết nối VPN được cho phép tối đa 8 giờ liên tục, sau đó cần đăng nhập lại. Không được sử dụng VPN cá nhân t"", ""# Chính sách Nhân sự — Sổ tay Nhân viên 2024 ## Nghỉ phép năm Nhân viên chính thức được nghỉ phép năm 12 ngày làm việc mỗi năm. Số ngày nghỉ phép tăng thêm 1 ngày cho mỗi 5 năm thâm niên công tác, tối đa 20 ngày. Ngày nghỉ phép không sử dụng hết trong năm có thể chuyển sang năm tiếp theo, nhưng không quá 5 ngày. Nhân viên phải nộp đơn xin nghỉ phép trước ít nhất 3 ngày làm việc. ## Nghỉ phép không lương Nhân viên có thể xin nghỉ phép không lương tối đa 30 ngày mỗi năm. Đơn xin nghỉ phải được Giám đốc bộ phận phê duyệt bằng văn bản trước khi nghỉ. Nghỉ phép không lương quá 10 ngày liên tiếp phải được Giám đốc Điều hành phê duyệt. ## Nghỉ ốm Nhân viên được hưởng 10 ngày nghỉ ốm có lương mỗi năm. Cần nộp giấy xác nhận y tế từ cơ sở y tế được công nhận trong vòng 3 ngày làm việc kể từ ngày trở lại làm việc. Nghỉ ốm quá 3 ngày liên tiếp bắt buộc phải có giấy xác nhận của bác sĩ. ## Thời gian"", ""rong vòng 3 ngày làm việc kể từ ngày trở lại làm việc. Nghỉ ốm quá 3 ngày liên tiếp bắt buộc phải có giấy xác nhận của bác sĩ. ## Thời gian thử việc Thời gian thử việc là 60 ngày đối với nhân viên bậc cao và 30 ngày đối với nhân viên thông thường. Trong thời gian thử việc, nhân viên nhận 85% mức lương chính thức. Sau khi hoàn thành thử việc thành công, nhân viên được xác nhận ký hợp đồng chính thức và nhận đầy đủ lương cùng các chế độ phúc lợi. ## Lương và Phúc lợi Lương được thanh toán vào ngày 15 hàng tháng. Nếu ngày 15 rơi vào ngày nghỉ, lương sẽ được thanh toán vào ngày làm việc gần nhất trước đó. Nhân viên chính thức được tham gia bảo hiểm y tế, bảo hiểm xã hội và bảo hiểm thất nghiệp theo quy định của pháp luật. Công ty đóng 17,5% trên lương cơ bản cho bảo hiểm xã hội. ## Đánh giá hiệu suất Đánh giá hiệu suất được thực hiện 2 lần/năm: tháng 6 và tháng 12. Kết quả đánh giá ảnh hưởng""]"
So sanh hoac lien ket thong tin giua sample_02.md va sample_03.md?,"Thông tin trong sample_02.md và sample_03.md không được cung cấp, vì vậy không thể so sánh hoặc liên kết thông tin giữa hai tài liệu này.",# Chính sách Công nghệ Thông tin — Sổ tay Nhân viên 2024 ## Chính sách Mật khẩu Mật khẩu tài khoản công ty phải được thay đổi mỗi 90 ngày. ... # Chính sách Tài chính và Chi phí — Sổ tay Nhân viên 2024 ## Phụ cấp đi lại Nhân viên sử dụng phương tiện cá nhân cho công việc được hoàn trả 3.500 VNĐ/km.,multi_context,0.0,0.0,0.0,0.3333333333333333,"[""ức WireGuard với mã hóa AES-256. Kết nối VPN được cho phép tối đa 8 giờ liên tục, sau đó cần đăng nhập lại. Không được sử dụng VPN cá nhân trên thiết bị của công ty khi truy cập hệ thống nội bộ. ## Email và Liên lạc Email công ty chỉ được sử dụng cho mục đích công việc. Không được chuyển tiếp email nội bộ ra các địa chỉ email cá nhân. Dung lượng hộp thư tối đa là 25 GB. Tập tin đính kèm lớn hơn 25 MB phải được chia sẻ qua hệ thống lưu trữ đám mây nội bộ. ## Sao lưu Dữ liệu Dữ liệu công việc phải được lưu trên ổ đĩa mạng hoặc hệ thống đám mây được phê duyệt. Hệ thống tự động sao lưu dữ liệu hàng ngày lúc 2 giờ sáng. Nhân viên có trách nhiệm đảm bảo dữ liệu quan trọng được lưu đúng vị trí trước khi kết thúc ngày làm việc. ## Bảo mật Thông tin Thông tin khách hàng và dữ liệu kinh doanh bảo mật không được chia sẻ ra bên ngoài mà không có sự cho phép của quản lý cấp cao. Vi phạm bảo mật dữ li"", ""# Chính sách Công nghệ Thông tin — Sổ tay Nhân viên 2024 ## Chính sách Mật khẩu Mật khẩu tài khoản công ty phải được thay đổi mỗi 90 ngày. Mật khẩu phải có độ dài tối thiểu 12 ký tự, bao gồm chữ hoa, chữ thường, số và ký tự đặc biệt. Không được sử dụng lại 5 mật khẩu gần nhất. Tài khoản sẽ bị khóa sau 5 lần đăng nhập thất bại liên tiếp. Liên hệ bộ phận IT để mở khóa tài khoản. ## Sử dụng Thiết bị Thiết bị do công ty cấp chỉ được sử dụng cho mục đích công việc. Nhân viên không được cài đặt phần mềm không được phê duyệt trên thiết bị của công ty. Trước khi rời công ty hoặc khi hỏng hóc, tất cả thiết bị phải được trả lại bộ phận IT trong vòng 2 ngày làm việc. ## VPN và Truy cập từ xa Nhân viên làm việc từ xa phải sử dụng VPN công ty. VPN sử dụng giao thức WireGuard với mã hóa AES-256. Kết nối VPN được cho phép tối đa 8 giờ liên tục, sau đó cần đăng nhập lại. Không được sử dụng VPN cá nhân t"", ""# Chính sách Nhân sự — Sổ tay Nhân viên 2024 ## Nghỉ phép năm Nhân viên chính thức được nghỉ phép năm 12 ngày làm việc mỗi năm. Số ngày nghỉ phép tăng thêm 1 ngày cho mỗi 5 năm thâm niên công tác, tối đa 20 ngày. Ngày nghỉ phép không sử dụng hết trong năm có thể chuyển sang năm tiếp theo, nhưng không quá 5 ngày. Nhân viên phải nộp đơn xin nghỉ phép trước ít nhất 3 ngày làm việc. ## Nghỉ phép không lương Nhân viên có thể xin nghỉ phép không lương tối đa 30 ngày mỗi năm. Đơn xin nghỉ phải được Giám đốc bộ phận phê duyệt bằng văn bản trước khi nghỉ. Nghỉ phép không lương quá 10 ngày liên tiếp phải được Giám đốc Điều hành phê duyệt. ## Nghỉ ốm Nhân viên được hưởng 10 ngày nghỉ ốm có lương mỗi năm. Cần nộp giấy xác nhận y tế từ cơ sở y tế được công nhận trong vòng 3 ngày làm việc kể từ ngày trở lại làm việc. Nghỉ ốm quá 3 ngày liên tiếp bắt buộc phải có giấy xác nhận của bác sĩ. ## Thời gian"", ""rong vòng 3 ngày làm việc kể từ ngày trở lại làm việc. Nghỉ ốm quá 3 ngày liên tiếp bắt buộc phải có giấy xác nhận của bác sĩ. ## Thời gian thử việc Thời gian thử việc là 60 ngày đối với nhân viên bậc cao và 30 ngày đối với nhân viên thông thường. Trong thời gian thử việc, nhân viên nhận 85% mức lương chính thức. Sau khi hoàn thành thử việc thành công, nhân viên được xác nhận ký hợp đồng chính thức và nhận đầy đủ lương cùng các chế độ phúc lợi. ## Lương và Phúc lợi Lương được thanh toán vào ngày 15 hàng tháng. Nếu ngày 15 rơi vào ngày nghỉ, lương sẽ được thanh toán vào ngày làm việc gần nhất trước đó. Nhân viên chính thức được tham gia bảo hiểm y tế, bảo hiểm xã hội và bảo hiểm thất nghiệp theo quy định của pháp luật. Công ty đóng 17,5% trên lương cơ bản cho bảo hiểm xã hội. ## Đánh giá hiệu suất Đánh giá hiệu suất được thực hiện 2 lần/năm: tháng 6 và tháng 12. Kết quả đánh giá ảnh hưởng""]"
So sanh hoac lien ket thong tin giua sample_02.md va sample_02.md?,Thông tin không được tìm thấy.,Không được sử dụng VPN cá nhân trên thiết bị của công ty khi truy cập hệ thống nội bộ. ... Không được sử dụng VPN cá nhân trên thiết bị của công ty khi truy cập hệ thống nội bộ.,multi_context,0.0,0.0,0.99999999995,1.0,"[""ức WireGuard với mã hóa AES-256. Kết nối VPN được cho phép tối đa 8 giờ liên tục, sau đó cần đăng nhập lại. Không được sử dụng VPN cá nhân trên thiết bị của công ty khi truy cập hệ thống nội bộ. ## Email và Liên lạc Email công ty chỉ được sử dụng cho mục đích công việc. Không được chuyển tiếp email nội bộ ra các địa chỉ email cá nhân. Dung lượng hộp thư tối đa là 25 GB. Tập tin đính kèm lớn hơn 25 MB phải được chia sẻ qua hệ thống lưu trữ đám mây nội bộ. ## Sao lưu Dữ liệu Dữ liệu công việc phải được lưu trên ổ đĩa mạng hoặc hệ thống đám mây được phê duyệt. Hệ thống tự động sao lưu dữ liệu hàng ngày lúc 2 giờ sáng. Nhân viên có trách nhiệm đảm bảo dữ liệu quan trọng được lưu đúng vị trí trước khi kết thúc ngày làm việc. ## Bảo mật Thông tin Thông tin khách hàng và dữ liệu kinh doanh bảo mật không được chia sẻ ra bên ngoài mà không có sự cho phép của quản lý cấp cao. Vi phạm bảo mật dữ li"", ""# Chính sách Công nghệ Thông tin — Sổ tay Nhân viên 2024 ## Chính sách Mật khẩu Mật khẩu tài khoản công ty phải được thay đổi mỗi 90 ngày. Mật khẩu phải có độ dài tối thiểu 12 ký tự, bao gồm chữ hoa, chữ thường, số và ký tự đặc biệt. Không được sử dụng lại 5 mật khẩu gần nhất. Tài khoản sẽ bị khóa sau 5 lần đăng nhập thất bại liên tiếp. Liên hệ bộ phận IT để mở khóa tài khoản. ## Sử dụng Thiết bị Thiết bị do công ty cấp chỉ được sử dụng cho mục đích công việc. Nhân viên không được cài đặt phần mềm không được phê duyệt trên thiết bị của công ty. Trước khi rời công ty hoặc khi hỏng hóc, tất cả thiết bị phải được trả lại bộ phận IT trong vòng 2 ngày làm việc. ## VPN và Truy cập từ xa Nhân viên làm việc từ xa phải sử dụng VPN công ty. VPN sử dụng giao thức WireGuard với mã hóa AES-256. Kết nối VPN được cho phép tối đa 8 giờ liên tục, sau đó cần đăng nhập lại. Không được sử dụng VPN cá nhân t"", ""# Chính sách Nhân sự — Sổ tay Nhân viên 2024 ## Nghỉ phép năm Nhân viên chính thức được nghỉ phép năm 12 ngày làm việc mỗi năm. Số ngày nghỉ phép tăng thêm 1 ngày cho mỗi 5 năm thâm niên công tác, tối đa 20 ngày. Ngày nghỉ phép không sử dụng hết trong năm có thể chuyển sang năm tiếp theo, nhưng không quá 5 ngày. Nhân viên phải nộp đơn xin nghỉ phép trước ít nhất 3 ngày làm việc. ## Nghỉ phép không lương Nhân viên có thể xin nghỉ phép không lương tối đa 30 ngày mỗi năm. Đơn xin nghỉ phải được Giám đốc bộ phận phê duyệt bằng văn bản trước khi nghỉ. Nghỉ phép không lương quá 10 ngày liên tiếp phải được Giám đốc Điều hành phê duyệt. ## Nghỉ ốm Nhân viên được hưởng 10 ngày nghỉ ốm có lương mỗi năm. Cần nộp giấy xác nhận y tế từ cơ sở y tế được công nhận trong vòng 3 ngày làm việc kể từ ngày trở lại làm việc. Nghỉ ốm quá 3 ngày liên tiếp bắt buộc phải có giấy xác nhận của bác sĩ. ## Thời gian"", ""rong vòng 3 ngày làm việc kể từ ngày trở lại làm việc. Nghỉ ốm quá 3 ngày liên tiếp bắt buộc phải có giấy xác nhận của bác sĩ. ## Thời gian thử việc Thời gian thử việc là 60 ngày đối với nhân viên bậc cao và 30 ngày đối với nhân viên thông thường. Trong thời gian thử việc, nhân viên nhận 85% mức lương chính thức. Sau khi hoàn thành thử việc thành công, nhân viên được xác nhận ký hợp đồng chính thức và nhận đầy đủ lương cùng các chế độ phúc lợi. ## Lương và Phúc lợi Lương được thanh toán vào ngày 15 hàng tháng. Nếu ngày 15 rơi vào ngày nghỉ, lương sẽ được thanh toán vào ngày làm việc gần nhất trước đó. Nhân viên chính thức được tham gia bảo hiểm y tế, bảo hiểm xã hội và bảo hiểm thất nghiệp theo quy định của pháp luật. Công ty đóng 17,5% trên lương cơ bản cho bảo hiểm xã hội. ## Đánh giá hiệu suất Đánh giá hiệu suất được thực hiện 2 lần/năm: tháng 6 và tháng 12. Kết quả đánh giá ảnh hưởng""]"
